ID,MODEL,PAR1,PAR2,PAR3,PAR4
SC00001,3PL,0.296120154,-0.607077372,0.198712573,
SC00002,3PL,0.918854753,-2.94024007,0.270881763,
SC00003,3PL,1.136192846,-0.476797167,0.206171223,
SC00004,3PL,1.109700252,-1.733666638,0.167270338,
SC00005,3PL,0.91553254,-0.274234486,0.137702555,
SC00006,3PL,0.814609172,-1.181494902,0.275500758,
SC00007,3PL,1.254272964,1.353203255,0.16294083,
SC00008,3PL,0.725883372,1.96506292,0.25377819,
SC00009,3PL,1.034014008,-1.677722523,0.099200447,
SC00010,3PL,0.581378112,-0.902088823,0.189973188,
SC00011,GPC,0.658415535,2.089104115,-5.44895076,
SC00012,3PL,0.885452628,0.402575742,0.005869162,
SC00013,3PL,0.558430352,-1.360208303,0.253866392,
SC00014,3PL,1.503358432,-0.15782389,0.18216405,
SC00015,3PL,0.75322787,-1.583807045,0.000256018,
SC00016,3PL,0.569686818,0.62813537,0.144596307,
SC00017,3PL,0.999282392,-1.452588519,0.063382724,
SC00018,3PL,1.020741386,0.134159606,0.173277517,
SC00019,3PL,1.30507732,-1.790397771,0.173401506,
SC00020,3PL,0.173592625,1.201378092,0.16987897,
SC00021,3PL,0.264020061,1.332207977,0.188034822,
SC00022,3PL,0.800020078,-1.448592665,0.22121915,
SC00023,3PL,0.593327932,-1.009290111,0.01602489,
SC00024,3PL,1.610273507,-0.815553276,0.292813975,
SC00025,3PL,1.31675725,1.543784007,0.094525257,
SC00026,3PL,0.859268336,-0.202119514,0.276961786,
SC00027,3PL,1.284378874,-0.370658569,0.299799967,
SC00028,3PL,0.366719728,-0.79855617,0.049371411,
SC00029,GPC,1.3138953,1.621808232,0.719130332,
SC00030,3PL,0.63352142,-0.67103513,0.096229205,
SC00031,3PL,1.409175614,-0.342530837,0.119584754,
SC00032,3PL,0.848190443,0.853608872,0.25080576,
SC00033,3PL,1.282794319,-1.729483072,0.298628984,
SC00034,3PL,0.704870342,-0.637373018,0.226442149,
SC00035,3PL,0.852393653,-1.57939127,0.112193275,
SC00036,3PL,0.91531615,-0.539689973,0.01117061,
SC00037,3PL,1.201766109,-0.235813708,0.125703409,
SC00038,3PL,1.10226289,-0.981894624,0.116409194,
SC00039,3PL,0.624691407,-1.25373033,0.044269623,
SC00040,3PL,0.38435144,-0.7038557,0.056749606,
SC00041,3PL,0.603466277,-0.536773725,0.032162009,
SC00042,3PL,1.546988689,-0.25633872,0.012990373,
SC00043,3PL,1.070382127,0.929476692,0.211928564,
SC00044,3PL,0.980123293,-0.926646038,0.272088522,
SC00045,3PL,1.277076943,1.237921309,0.098517221,
SC00046,3PL,0.228680205,1.614228269,0.137757519,
SC00047,3PL,0.545557985,-2.376034566,0.253323675,
SC00048,3PL,1.242669139,-1.757854858,0.210439038,
SC00049,3PL,0.814,1.837197885,0.295702892,
SC00050,3PL,0.80680568,0.454221319,0.169623741,
SC00051,3PL,0.81381882,0.041789964,0.024534096,
SC00052,3PL,0.848458353,-1.13906439,0.229483893,
SC00053,3PL,0.749345802,-2.242055928,0.254168203,
SC00054,3PL,1.161090985,-0.497699273,0.159424756,
SC00055,3PL,0.757736997,-1.939684536,0.091245223,
SC00056,GPC,1.323219997,-0.287850947,-1.657274985,
SC00057,3PL,0.920481099,-2.675596184,0.225847088,
SC00058,3PL,0.361500691,-0.433777489,0.170850416,
SC00059,3PL,0.614532172,-0.881409838,0.059999159,
SC00060,3PL,0.416477071,-0.514835259,0.112831314,
SC00061,3PL,0.986259356,-0.954891113,0.108546767,
SC00062,3PL,1.711079553,0.303419853,0.264215206,
SC00063,3PL,0.522804795,-0.672754796,0.199438596,
SC00064,3PL,0.551594474,0.649726929,0.268782281,
SC00065,3PL,0.809088487,-0.680537751,0.193053287,
SC00066,3PL,0.329638064,0.631516756,0.13304986,
SC00067,3PL,1.272182445,1.131211889,0.104734601,
SC00068,3PL,0.692113446,-1.113201388,0.190965658,
SC00069,3PL,0.571380478,-1.02738226,0.200496713,
SC00070,3PL,0.853034081,-1.441059619,0.236894041,
SC00071,GPC,1.294076036,1.124813462,1.459526335,
SC00072,3PL,0.86357552,-0.575228991,0.116604405,
SC00073,3PL,0.613605669,0.924811505,0.003734364,
SC00074,GPC,1.099223526,0.014808808,0.526628342,
SC00075,3PL,0.559616102,-0.824148653,0.047029582,
SC00076,3PL,0.797556571,-1.068489948,0.234893732,
SC00077,3PL,0.30656576,-0.101947449,0.097098835,
SC00078,3PL,1.204402809,1.160693483,0.062356945,
SC00079,3PL,1.227008081,-0.848158779,0.170530317,
SC00080,3PL,0.378858657,-0.983694976,0.227780302,
SC00081,3PL,0.99104491,-2.360747053,0.231678072,
SC00082,3PL,0.935108247,-1.730488781,0.014238677,
SC00083,3PL,0.928788532,-1.871755973,0.138949293,
SC00084,3PL,0.981856311,-0.437759701,0.265088807,
SC00085,3PL,0.723170281,-1.180136656,0.160285595,
SC00086,3PL,0.823212891,0.874399493,0.204514936,
SC00087,3PL,0.773186176,-0.96803241,0.075675058,
SC00088,3PL,0.814,-0.628503731,0.087838961,
SC00089,GPC,1.712218497,-1.675027052,-0.45401358,
SC00090,3PL,0.786412415,-2.307837443,0.275939924,
SC00091,3PL,0.524769225,-0.494515703,0.187502489,
SC00092,3PL,1.308102657,-0.097864905,0.043567984,
SC00093,3PL,0.762398555,-2.121181717,0.041518893,
SC00094,3PL,0.812442883,-0.401138591,0.239825593,
SC00095,3PL,0.559581334,-0.619727836,0.01409017,
SC00096,3PL,0.693499244,-0.514333659,0.114618976,
SC00097,3PL,0.89906352,-1.923863064,0.123991013,
SC00098,3PL,1.241038404,0.47005133,0.274796033,
SC00099,3PL,1.101903428,0.257669107,0.240101234,
SC00100,3PL,1.200957078,-0.488284031,0.24321339,
SC00101,GPC,1.134490449,1.719792164,1.31754934,
SC00102,3PL,1.100219808,-2.952409645,0.231684665,
SC00103,3PL,1.228399923,-0.60691323,0.025795749,
SC00104,3PL,0.2748035,-0.953456404,0.278703845,
SC00105,3PL,1.11086787,-1.234848633,0.153719125,
SC00106,3PL,0.429984768,-2.18576514,0.213229295,
SC00107,3PL,1.152927451,-1.909748797,0.264345797,
SC00108,3PL,0.342306205,1.137881303,0.281541818,
SC00109,3PL,0.584955557,1.600285253,0.297606211,
SC00110,3PL,0.69783926,0.540845195,0.11394305,
SC00111,3PL,0.815224143,-0.505827957,0.23836181,
SC00112,3PL,0.379697419,0.756808116,0.116027165,
SC00113,3PL,0.372682934,-1.103711858,0.271749011,
SC00114,3PL,0.954493867,-0.720630238,0.110208752,
SC00115,3PL,1.151007104,-0.213099904,0.046497253,
SC00116,3PL,0.645769667,1.02706866,0.214130813,
SC00117,3PL,0.834741536,1.723174262,0.254270891,
SC00118,3PL,1.000708822,-1.953196665,0.096607256,
SC00119,3PL,0.364696015,-0.818290736,0.181108786,
SC00120,3PL,1.499151401,0.273496749,0.118453804,
SC00121,3PL,1.453358674,-2.422519689,0.228863648,
SC00122,3PL,0.729663931,-1.826498123,0.288250758,
SC00123,3PL,1.15231539,0.774654711,0.011345054,
SC00124,3PL,1.30424904,0.845272792,0.200408968,
SC00125,3PL,0.285017506,-0.640210501,0.175928947,
SC00126,3PL,0.724667195,-1.082179579,0.133242217,
SC00127,3PL,1.178632353,-0.382467092,0.254642807,
SC00128,3PL,0.4363222,0.090297477,0.118016249,
SC00129,3PL,1.076225726,-0.032932995,0.282395391,
SC00130,3PL,0.138579925,0.616600743,0.011615573,
SC00131,3PL,0.752478537,0.553254206,0.206965539,
SC00132,3PL,0.698302836,-0.232098571,0.195912967,
SC00133,3PL,1.197084223,-2.241042714,0.096077438,
SC00134,3PL,1.135061295,-0.603652669,0.164979823,
SC00135,3PL,0.497782794,-1.481848321,0.167998503,
SC00136,GPC,0.798015007,-1.990325111,-0.024549629,
SC00137,3PL,0.703937526,2.37767339,0.09099832,
SC00138,3PL,0.554527332,1.590182148,0.298722552,
SC00139,GPC,0.884231503,-3.04046678,-1.752955119,
SC00140,3PL,0.44263359,0.268114478,0.276178892,
SC00141,3PL,1.054117158,0.365489426,0.115728336,
SC00142,3PL,0.740041042,-1.942988033,0.226450377,
SC00143,3PL,0.64756658,1.030914029,0.015777183,
SC00144,3PL,0.959247807,-0.238692386,0.051047719,
SC00145,3PL,0.538886332,-1.566724402,0.133545244,
SC00146,3PL,0.678702729,0.489762686,0.109812881,
SC00147,3PL,0.31121854,-2.319803678,0.120335059,
SC00148,3PL,0.852942623,-1.90143241,0.211767779,
SC00149,3PL,1.162099535,-0.274743863,0.167467414,
SC00150,3PL,0.401982289,-0.446034249,0.100058379,
SC00151,3PL,1.164811929,-1.878325499,0.026075572,
SC00152,GPC,1.107613522,1.86180704,1.121963961,
SC00153,3PL,0.928387814,-0.307955531,0.033743265,
SC00154,3PL,1.186860444,0.73335076,0.145136682,
SC00155,3PL,0.258009719,-1.609971013,0.205944087,
SC00156,3PL,0.839112538,1.07671096,0.192662436,
SC00157,3PL,0.473771849,-0.242269252,0.215968039,
SC00158,3PL,1.0166252,-1.475502633,0.097784693,
SC00159,3PL,0.436758318,-0.391008921,0.044721508,
SC00160,3PL,1.596946889,0.54344717,0.1681517,
SC00161,3PL,0.891870565,-3.502225209,0.266408139,
SC00162,GPC,1.017902517,0.486944679,-0.195589684,
SC00163,3PL,1.437964384,-0.025044519,0.156039497,
SC00164,3PL,0.698493494,-2.174343727,0.117783602,
SC00165,3PL,1.121666847,1.554634639,0.272001625,
SC00166,3PL,0.708215802,1.014641121,0.251905595,
SC00167,3PL,1.350121851,0.70037292,0.004393171,
SC00168,3PL,0.970369418,-2.157722588,0.168153362,
SC00169,3PL,0.957251255,-0.168204488,0.193005953,
SC00170,GPC,0.980653008,-0.076758464,1.350024445,
SC00171,3PL,0.599263782,-0.430801272,0.169635823,
SC00172,3PL,0.44981161,-0.000291061,0.143010326,
SC00173,3PL,1.411542965,0.419308343,0.240161912,
SC00174,3PL,0.766635435,-1.680838604,0.282409944,
SC00175,3PL,1.150677653,-0.791307863,0.26874609,
SC00176,3PL,0.626109874,-1.484505546,0.160426861,
SC00177,3PL,0.57794656,-1.078059877,0.112745753,
SC00178,3PL,0.797930767,-0.115276511,0.198071931,
SC00179,3PL,0.584681439,-0.726735865,0.036312476,
SC00180,3PL,0.680497833,-3.306576676,0.155009317,
SC00181,3PL,0.763635776,-0.767860112,0.282850345,
SC00182,3PL,0.825176281,-0.941841279,0.161524603,
SC00183,3PL,0.607328103,-2.370407019,0.025001219,
SC00184,3PL,1.186446956,-1.111608599,0.170118805,
SC00185,3PL,0.686341888,-0.270895805,0.275761387,
SC00186,3PL,1.337855359,0.070954696,0.197314432,
SC00187,3PL,0.887188007,-0.733555633,0.194409479,
SC00188,GPC,1.119801684,1.616756802,2.819789557,
SC00189,3PL,1.317849059,-0.310040524,0.246846306,
SC00190,3PL,0.721150621,0.771754686,0.255816691,
SC00191,3PL,0.935239982,-1.297663918,0.297503102,
SC00192,3PL,0.915538458,-1.180393748,0.203404794,
SC00193,3PL,0.689744739,0.102645374,0.136582366,
SC00194,3PL,0.716555171,0.194536428,0.171213795,
SC00195,GPC,1.302598156,2.150440159,0.96386567,
SC00196,3PL,0.842909883,-0.169900996,0.163559323,
SC00197,3PL,0.607513373,0.524193795,0.157749605,
SC00198,3PL,1.411983864,-1.457906909,0.253881329,
SC00199,3PL,0.988387371,-1.426022883,0.183839611,
SC00200,3PL,1.096311153,1.638762204,0.01361246,
SC00201,3PL,0.839431211,-0.215707564,0.191340974,
SC00202,3PL,0.537443827,-1.48981876,0.052010279,
SC00203,3PL,1.209742166,1.550530428,0.188130303,
SC00204,3PL,0.542060376,-1.831143677,0.166603477,
SC00205,3PL,0.603144076,0.972879089,0.126477516,
SC00206,3PL,0.928033217,0.238238483,0.271687139,
SC00207,3PL,0.731353861,-2.30201513,0.273491797,
SC00208,3PL,0.572239012,1.438776522,0.062950443,
SC00209,GPC,1.356649844,1.780399051,2.199096343,
SC00210,3PL,1.00944652,0.90503114,0.177626977,
SC00211,3PL,0.354898852,-0.163786492,0.215359955,
SC00212,3PL,0.556798533,-2.369014042,0.047247622,
SC00213,3PL,0.55637787,-1.168296,0.255208993,
SC00214,3PL,0.380735688,-0.564590469,0.27540093,
SC00215,3PL,0.515841996,-1.622183351,0.223651999,
SC00216,3PL,1.105130406,-1.585906003,0.257560741,
SC00217,3PL,0.490310744,-0.201320021,0.121651329,
SC00218,3PL,0.689428698,-0.668126338,0.287184295,
SC00219,3PL,1.019305205,-0.881573495,0.215359985,
SC00220,3PL,1.037136195,0.396229853,0.047779884,
SC00221,3PL,0.586201186,-0.216506845,0.152088679,
SC00222,3PL,0.297131814,0.048166253,0.119319307,
SC00223,3PL,0.699412851,0.637345276,0.148656214,
SC00224,3PL,0.62163353,-2.045373854,0.059159973,
SC00225,3PL,0.589766085,-0.735124806,0.135492858,
SC00226,3PL,0.296634313,0.201603902,0.108846188,
SC00227,3PL,0.877595155,-0.546365646,0.132961059,
SC00228,3PL,0.807303579,0.173905857,0.089189089,
SC00229,3PL,1.155966417,0.72834697,0.240560994,
SC00230,3PL,0.458625086,0.216908188,0.214839178,
SC00231,3PL,0.379896015,-1.826028974,0.088624986,
SC00232,3PL,1.375820574,-0.08156885,0.021520696,
SC00233,3PL,0.478031546,1.596039551,0.118334402,
SC00234,3PL,0.710688915,-0.093206278,0.161502483,
SC00235,3PL,0.268138678,-0.861718879,0.003155914,
SC00236,3PL,0.966677058,-0.158398971,0.052152202,
SC00237,3PL,0.850062259,0.026815386,0.025129979,
SC00238,3PL,1.536382408,-2.230640621,0.055942698,
SC00239,3PL,0.707584214,0.938519109,0.135721758,
SC00240,3PL,0.440375306,-0.392199599,0.260753939,
SC00241,3PL,1.034079408,-1.809421654,0.160523485,
SC00242,3PL,0.241623468,1.539894387,0.227871737,
SC00243,GPC,1.959307499,1.734683723,2.833743515,
SC00244,3PL,0.893884891,-0.745012515,0.251079361,
SC00245,3PL,0.145188714,-0.007597319,0.135264021,
SC00246,GPC,1.000364365,0.044378193,-5.127110184,
SC00247,GPC,0.570495701,1.169404498,-2.692279624,
SC00248,3PL,0.915241517,-0.185807026,0.026900089,
SC00249,3PL,0.665974839,2.03443868,0.022987772,
SC00250,3PL,0.525517412,-2.97499511,0.072211885,
SC00251,3PL,1.298824366,0.155921833,0.088085368,
SC00252,3PL,0.533851207,1.799179561,0.052613239,
SC00253,3PL,0.720273261,1.791276372,0.025609793,
SC00254,3PL,0.379498398,-0.804415069,0.273290554,
SC00255,3PL,0.579673762,-1.118979764,0.256136425,
SC00256,3PL,0.85020074,-2.54541929,0.143634959,
SC00257,3PL,1.221185227,-1.793772214,0.09859139,
SC00258,3PL,0.961179018,-0.038357851,0.124954738,
SC00259,3PL,0.814,1.740022484,0.199199161,
SC00260,3PL,0.593481445,-0.290831041,0.118781006,
SC00261,3PL,1.102390043,1.201938434,0.136749141,
SC00262,GPC,1.636861776,1.676561577,0.575086629,
SC00263,GPC,1.66707905,-1.125570441,0.621367297,
SC00264,3PL,0.804651265,2.098643119,0.10942892,
SC00265,3PL,1.02798279,-0.592801397,0.042480243,
SC00266,3PL,1.145874287,-1.79232877,0.199130003,
SC00267,3PL,0.628470371,-0.49783767,0.19919862,
SC00268,3PL,0.814,2.094690652,0.0471609,
SC00269,3PL,1.473937767,-2.341486223,0.291241271,
SC00270,3PL,0.673072188,-1.651968097,0.063558512,
SC00271,3PL,1.036415155,0.005622082,0.039714394,
SC00272,3PL,0.474585628,-0.373394002,0.282270937,
SC00273,3PL,1.509422354,-0.588612923,0.178938245,
SC00274,3PL,1.261356165,0.880841671,0.206638694,
SC00275,3PL,0.636830057,-0.060342836,0.009236511,
SC00276,3PL,1.128424097,-0.436315113,0.195787658,
SC00277,3PL,1.264775352,1.263103655,0.251121376,
SC00278,3PL,0.867034909,-2.362003609,0.042930618,
SC00279,3PL,0.675521701,-0.788417948,0.035646677,
SC00280,3PL,0.927954215,0.105129205,0.119989523,
SC00281,3PL,0.704444403,-1.000899249,0.106181492,
SC00282,3PL,0.326612963,-1.253236766,0.180075818,
SC00283,3PL,0.763116449,-1.50503499,0.008672958,
SC00284,3PL,0.770032076,1.223241118,0.00969529,
SC00285,3PL,0.370522024,1.379643705,0.231186456,
SC00286,3PL,1.255686992,0.181639566,0.226390399,
SC00287,3PL,1.21354285,-1.705602963,0.172051033,
SC00288,3PL,1.006636075,-2.9931934,0.068824019,
SC00289,3PL,0.250661981,2.085845793,0.074845614,
SC00290,GPC,1.103778157,-0.811062619,0.257512134,0.177739638
SC00291,GPC,0.913730595,1.752607334,-2.432020378,
SC00292,3PL,1.68412217,-0.541394186,0.259585802,
SC00293,3PL,0.838797912,-0.726528505,0.298655866,
SC00294,GPC,1.029557908,-0.432796531,-0.527916628,
SC00295,3PL,0.523039169,-0.091082679,0.077745802,
SC00296,3PL,0.413786417,2.093591092,0.298996427,
SC00297,3PL,1.273538327,-1.721678741,0.120426546,
SC00298,3PL,0.474925095,-0.574929998,0.195219072,
SC00299,3PL,0.579097602,-1.390993427,0.148095831,
SC00300,3PL,0.722550728,-0.368093782,0.065518677,
SC00301,3PL,0.814,-0.54358747,0.088591396,
SC00302,3PL,0.481959751,-0.177011324,0.115501894,
SC00303,3PL,0.517448888,0.888248781,0.079618392,
SC00304,3PL,1.205858104,0.535011314,0.297590938,
SC00305,GPC,1.950481542,1.038399472,2.858488339,
SC00306,3PL,0.873518573,1.356219493,0.126047992,
SC00307,3PL,0.989505984,-0.731038458,0.132555368,
SC00308,3PL,0.787545909,-2.3035544,0.071760608,
SC00309,3PL,0.838546678,1.135553251,0.093966863,
SC00310,3PL,1.324756102,-0.507113605,0.221718306,
SC00311,3PL,0.49265122,-0.907998944,0.230364144,
SC00312,3PL,1.083874576,-0.547805011,0.078632805,
SC00313,3PL,0.72657254,-0.583591534,0.280035532,
SC00314,3PL,1.121135213,-0.284161937,0.014125743,
SC00315,3PL,1.06110787,-2.285851914,0.214239495,
SC00316,3PL,0.234109804,0.006212569,0.06271784,
SC00317,3PL,0.658532773,-0.182656793,0.193016269,
SC00318,3PL,1.118132848,-2.35843766,0.042059486,
SC00319,3PL,0.445401402,0.162179449,0.216145492,
SC00320,3PL,0.180783729,1.610681436,0.280692614,
SC00321,3PL,0.814,-3.314819798,0.287848161,
SC00322,3PL,0.905458589,-0.86211425,0.043148332,
SC00323,3PL,0.824984563,0.669697813,0.108666851,
SC00324,3PL,0.534440304,-0.458409686,0.115022634,
SC00325,3PL,0.989945814,2.088118127,0.29953403,
SC00326,3PL,0.927140207,-2.667189295,0.168814435,
SC00327,GPC,1.222824838,0.039922737,-1.933230449,
SC00328,3PL,0.534968104,1.11248179,0.110874312,
SC00329,3PL,0.814,-0.497382303,0.170104414,
SC00330,3PL,1.695897549,0.479132294,0.204958139,
SC00331,3PL,0.623443572,0.118144628,0.046577768,
SC00332,3PL,1.040602708,0.533635096,0.071736341,
SC00333,3PL,0.967676202,1.618940204,0.108611633,
SC00334,3PL,0.852918424,-0.775164592,0.191828113,
SC00335,3PL,1.046887463,-0.759239179,0.097782663,
SC00336,3PL,0.634940759,-2.216788763,0.132140699,
SC00337,GPC,1.358250163,1.136318997,1.02987042,
SC00338,3PL,1.26422495,-2.128807902,0.284841288,
SC00339,GPC,1.081349173,1.812785887,1.776916261,
SC00340,GPC,1.352224463,0.694286619,2.54619577,
SC00341,3PL,0.700657152,-0.38538901,0.122239433,
SC00342,3PL,0.218342151,-1.311638646,0.089483064,
SC00343,3PL,0.640520251,0.559280238,0.07889498,
SC00344,3PL,0.296053638,-2.157893276,0.046732756,
SC00345,3PL,1.411307416,0.075140385,0.131654428,
SC00346,3PL,0.73613846,-0.622082949,0.218069559,
SC00347,3PL,1.065591721,-0.560997874,0.28194771,
SC00348,3PL,0.971620191,-1.188040483,0.092905538,
SC00349,3PL,0.634633865,-0.481480418,0.049713541,
SC00350,3PL,0.457828291,-0.826282273,0.017933439,
SC00351,3PL,0.741189589,-0.505172235,0.166462577,
SC00352,3PL,0.957648236,-0.044891606,0.11878171,
SC00353,3PL,0.814,1.721329775,0.248686806,
SC00354,3PL,0.408124983,1.216471095,0.051184323,
SC00355,3PL,1.361657631,0.871238562,0.146464743,
SC00356,3PL,0.847341854,-0.929839144,0.210784944,
SC00357,3PL,0.529274633,-1.2703392,0.018407906,
SC00358,3PL,0.587166427,-1.256002746,0.016138048,
SC00359,3PL,0.755539267,-0.550104522,0.028960574,
SC00360,3PL,0.934255271,-0.925445572,0.284593117,
SC00361,3PL,1.447997976,-0.197396214,0.122987799,
SC00362,GPC,1.035308802,0.483996085,1.008018295,
SC00363,3PL,0.814,1.962500631,0.12399997,
SC00364,3PL,0.347648119,0.629206788,0.225256041,
SC00365,3PL,0.485076576,0.871972644,0.105588872,
SC00366,3PL,0.23808775,1.665960613,0.02917559,
SC00367,GPC,1.125524159,-2.67029613,-2.339839646,-2.4162613
SC00368,3PL,1.256808842,-1.603519171,0.03092925,
SC00369,3PL,0.837531599,-1.368016741,0.263417208,
SC00370,3PL,0.414338835,-0.988325917,0.208024936,
SC00371,3PL,0.275342059,1.740867354,0.095419163,
SC00372,3PL,0.413470849,0.672592283,0.228151486,
SC00373,3PL,0.452141894,0.196279131,0.101340038,
SC00374,3PL,1.192561918,-3.40766374,0.216056806,
SC00375,3PL,0.746905915,-0.165983873,0.129116695,
SC00376,3PL,0.945102046,0.481678892,0.293199747,
SC00377,3PL,0.861843735,0.773219536,0.252630598,
SC00378,3PL,0.814,0.210980465,0.01097255,
SC00379,3PL,1.25957969,-0.696279769,0.261940511,
SC00380,3PL,0.865784846,1.327743206,0.164435498,
SC00381,3PL,0.615051518,-1.133995789,0.13837921,
SC00382,GPC,1.156762434,0.489696951,-0.578391045,
SC00383,3PL,0.814,2.127405381,0.199263461,
SC00384,3PL,0.652157272,-2.166404537,0.20954371,
SC00385,3PL,0.351688989,-1.126446955,0.295917524,
SC00386,3PL,0.573084234,0.266369409,0.259314092,
SC00387,3PL,0.814,0.536417487,0.272742907,
SC00388,3PL,0.181583848,0.136300311,0.065547811,
SC00389,3PL,1.041906048,1.035765608,0.08279933,
SC00390,3PL,1.303733706,-1.017215116,0.293984847,
SC00391,3PL,1.74281425,0.380128676,0.14346094,
SC00392,3PL,0.727902452,0.642138113,0.23009786,
SC00393,3PL,0.838392086,-2.852051101,0.262977468,
SC00394,3PL,0.566007854,0.575843727,0.187430255,
SC00395,3PL,0.737955314,-0.000382833,0.17074183,
SC00396,3PL,0.64572474,-3.543439015,0.035534202,
SC00397,3PL,0.790314775,-1.716442895,0.192793747,
SC00398,3PL,1.138110722,-0.785304071,0.16575778,
SC00399,3PL,0.576976311,-2.457801961,0.051066069,
SC00400,3PL,1.19616878,-1.554694256,0.184064462,
SC00401,3PL,0.241716558,0.283327782,0.046308118,
SC00402,3PL,1.244732407,1.119973237,0.295323994,
SC00403,3PL,0.781048545,-1.012585999,0.115217096,
SC00404,3PL,1.110276885,-0.075549323,0.235619012,
SC00405,3PL,0.62656374,-2.196692435,0.230777475,
SC00406,3PL,0.932592615,0.097272626,0.209961592,
SC00407,3PL,0.814383738,0.376512612,0.120305252,
SC00408,3PL,1.107446101,-1.412687816,0.136355642,
SC00409,3PL,0.733286259,-0.544384411,0.197734692,
SC00410,3PL,0.65506723,-0.282950071,0.035492169,
SC00411,3PL,0.8772837,-2.513947434,0.283744054,
SC00412,3PL,0.910991455,0.277080139,0.188774843,
SC00413,3PL,0.816978239,2.394718415,0.157293977,
SC00414,3PL,0.643768731,1.510846748,0.08365494,
SC00415,3PL,0.695667244,-1.974544789,0.193616079,
SC00416,3PL,1.276497226,1.325973403,0.001123953,
SC00417,3PL,0.814,2.083660087,0.029371842,
SC00418,3PL,0.740000426,-0.158979033,0.027249127,
SC00419,3PL,1.121106589,-1.190265062,0.196503836,
SC00420,3PL,1.401977492,-2.417211333,0.03204592,
SC00421,3PL,0.942235387,-0.587207343,0.027657978,
SC00422,GPC,1.952218261,-2.180235315,-0.222485542,
SC00423,3PL,0.542591055,-1.741669412,0.013000798,
SC00424,3PL,1.072271035,-0.16138985,0.243003086,
SC00425,3PL,0.559897141,0.593532424,0.021107591,
SC00426,3PL,0.204674907,0.93261465,0.071191758,
SC00427,3PL,0.674891237,-1.318228169,0.035288473,
SC00428,3PL,1.530269968,-1.285808685,0.080579979,
SC00429,3PL,0.899782098,0.293907252,0.152914696,
SC00430,3PL,1.231947725,0.546092175,0.075503616,
SC00431,3PL,0.434614182,-1.063974403,0.116475898,
SC00432,3PL,0.458736045,-0.969066102,0.136071637,
SC00433,3PL,0.959397058,-0.787005358,0.201560749,
SC00434,3PL,0.583773593,1.527255119,0.19583915,
SC00435,GPC,1.405102262,0.362793738,-0.997453986,
SC00436,3PL,1.655083106,1.099157577,0.080712701,
SC00437,3PL,0.843949384,-1.344369447,0.190378784,
SC00438,3PL,0.403027823,0.021932269,0.217048468,
SC00439,3PL,0.837007536,-0.498134766,0.267237684,
SC00440,3PL,1.440349716,-2.206306041,0.027847042,
SC00441,3PL,0.34768411,-1.632928173,0.012433498,
SC00442,3PL,1.239829153,0.156766012,0.228385414,
SC00443,3PL,0.396735609,-2.179886922,0.236598182,
SC00444,3PL,1.20426264,-2.773005124,0.232104904,
SC00445,3PL,0.879826546,-2.438957586,0.166305463,
SC00446,3PL,0.840819511,-1.681681155,0.023195226,
SC00447,3PL,0.718907171,-0.711215537,0.109235429,
SC00448,GPC,1.286659835,-2.046688115,-0.126853938,
SC00449,3PL,0.699781421,1.290340097,0.033831498,
SC00450,3PL,0.529666011,-0.127349952,0.222548341,
SC00451,3PL,0.822030638,0.556775382,0.150780361,
SC00452,3PL,0.947076017,-3.395163763,0.114582077,
SC00453,3PL,1.422186734,0.495095157,0.073027286,
SC00454,3PL,0.946360268,-1.50459646,0.201061333,
SC00455,3PL,0.414177369,-0.989112523,0.261229959,
SC00456,3PL,0.878840336,-0.070445019,0.270742929,
SC00457,3PL,1.352081811,0.429850795,0.18479196,
SC00458,3PL,0.988765581,-3.418184222,0.135794862,
SC00459,3PL,0.89304258,-0.019448885,0.108190357,
SC00460,3PL,0.35339521,-1.069021072,0.060897347,
SC00461,3PL,1.0039029,-1.914334497,0.281930271,
SC00462,3PL,0.796750228,-3.145421772,0.277606369,
SC00463,3PL,1.139718436,-2.303313321,0.275102261,
SC00464,3PL,0.66297017,-0.881179928,0.278354938,
SC00465,3PL,0.783753516,0.60725197,0.070108764,
SC00466,3PL,1.034943826,-0.203812781,0.10972355,
SC00467,3PL,1.248745411,-1.694940025,0.119053141,
SC00468,3PL,1.059604884,0.541354803,0.232934449,
SC00469,3PL,0.841220621,0.587937077,0.15068247,
SC00470,3PL,0.814,3.612610113,0.208863455,
SC00471,3PL,0.94731171,-0.520764939,0.259079795,
SC00472,GPC,0.78667534,-2.426215623,-1.806911754,
SC00473,3PL,1.19529757,-1.084939977,0.23616257,
SC00474,GPC,1.877010858,3.180221657,3.572669916,
SC00475,3PL,0.42464807,0.347473956,0.073605229,
SC00476,3PL,1.200717128,-2.190715914,0.15651308,
SC00477,3PL,0.798740985,-0.598750277,0.065837901,
SC00478,3PL,1.081127221,-0.364986555,0.247395868,
SC00479,3PL,1.278774318,-1.957432468,0.282208679,
SC00480,3PL,1.235227388,-0.440611334,0.286279687,
SC00481,3PL,0.814,0.356688238,0.06929541,
SC00482,3PL,0.691964152,0.060509624,0.041141098,
SC00483,3PL,1.054136544,-0.444619672,0.153044333,
SC00484,3PL,0.97886269,-1.777276156,0.092325508,
SC00485,3PL,0.772531147,0.210837315,0.219292294,
SC00486,3PL,0.811678753,-1.382315533,0.108752971,
SC00487,3PL,0.490844089,-1.231152757,0.112959238,
SC00488,3PL,0.710386291,-1.519166149,0.06670889,
SC00489,3PL,0.918224791,-2.131697635,0.29102183,
SC00490,GPC,1.247027406,-1.481424269,-0.081084967,
SC00491,3PL,0.726744892,-1.796361916,0.154202438,
SC00492,3PL,1.068006483,-1.010470443,0.179045216,
SC00493,3PL,0.762752675,-0.045607518,0.202820056,
SC00494,3PL,1.20722948,-1.817277946,0.122071162,
SC00495,3PL,1.078537524,-1.26432874,0.004485118,
SC00496,3PL,1.094058971,-1.537008683,0.10900011,
SC00497,3PL,0.492981379,-0.359077177,0.179595903,
SC00498,GPC,0.836179185,1.709008886,0.657059741,
SC00499,3PL,0.185199036,-1.919397841,0.135620544,
SC00500,3PL,0.575497461,-2.291543902,0.260034501,
SC00501,3PL,0.182279327,2.553076713,0.296360099,
SC00502,3PL,0.150896445,2.491510471,0.244237231,
SC00503,3PL,1.450281803,0.717115138,0.204747624,
SC00504,3PL,1.282923144,-1.6328527,0.256490407,
SC00505,3PL,1.195828616,-2.146191506,0.29076333,
SC00506,3PL,1.451635378,1.570268729,0.076855511,
SC00507,3PL,0.738700122,-0.890608151,0.08371292,
SC00508,3PL,0.403688613,-0.417689274,0.256073808,
SC00509,3PL,0.879510759,-1.283316415,0.106868724,
SC00510,3PL,0.55519777,-0.32080364,0.085677433,
SC00511,3PL,0.489921846,-1.805265614,0.07995234,
SC00512,3PL,0.201122126,3.529273186,0.006504251,
SC00513,3PL,0.298892834,1.170837276,0.271364846,
SC00514,3PL,1.037601686,-0.037966851,0.255373009,
SC00515,3PL,0.197228303,-0.010232309,0.051957478,
SC00516,3PL,1.274876008,-1.540384448,0.040090621,
SC00517,3PL,1.22951575,-1.284209547,0.234194555,
SC00518,3PL,1.076299564,-1.901173771,0.105847127,
SC00519,3PL,0.796769822,-1.978281231,0.147596641,
SC00520,3PL,1.23433445,0.877096676,0.045543487,
SC00521,3PL,0.457363333,-0.584329362,0.041752582,
SC00522,3PL,0.869164906,-2.5753883,0.227675903,
SC00523,3PL,0.828901913,0.303007565,0.091681676,
SC00524,3PL,0.960916674,-0.867120996,0.036299648,
SC00525,3PL,0.922048007,-0.75718705,0.27024454,
SC00526,3PL,0.833369734,1.464479706,0.011807263,
SC00527,3PL,0.864222432,0.354085967,0.165462847,
SC00528,3PL,0.308373295,2.262362909,0.137191145,
SC00529,3PL,0.608422193,1.968828985,0.091296022,
SC00530,3PL,0.614119621,-1.89699025,0.153585848,
SC00531,3PL,0.872909901,0.598901119,0.084091109,
SC00532,3PL,1.002428094,-0.185182099,0.296596753,
SC00533,3PL,0.814,0.076409905,0.262219601,
SC00534,3PL,0.360000051,-1.670802503,0.259034856,
SC00535,3PL,0.44134915,1.278672641,0.19238205,
SC00536,3PL,0.316673373,-0.048012705,0.092988556,
SC00537,3PL,1.074566188,-0.415454222,0.148774852,
SC00538,3PL,1.370181357,-1.125297741,0.014761175,
SC00539,3PL,1.113067754,0.292298212,0.230055609,
SC00540,3PL,0.681772184,-1.0074261,0.216994104,
SC00541,3PL,0.297381075,-0.506550764,0.03078444,
SC00542,3PL,1.251048273,-0.73844006,0.084574048,
SC00543,3PL,0.816842927,2.234886753,0.065213026,
SC00544,3PL,1.297205746,-1.771412831,0.255376245,
SC00545,3PL,0.814,1.638919706,0.214542684,
SC00546,3PL,0.403974105,0.392487119,0.205399703,
SC00547,3PL,0.786371926,0.742566393,0.033322081,
SC00548,3PL,0.5526472,0.338228598,0.297017001,
SC00549,3PL,0.978146022,-1.220226045,0.000760604,
SC00550,3PL,1.061308662,0.26065672,0.07486444,
SC00551,3PL,0.796793959,-1.488908799,0.123068278,
SC00552,3PL,0.221740167,-0.411774095,0.20696511,
SC00553,3PL,0.456982075,-1.010911795,0.105786495,
SC00554,3PL,0.383824044,0.664882562,0.106256062,
SC00555,GPC,1.797148605,2.627424671,4.206600804,
SC00556,3PL,0.884450446,-1.856938717,0.247837985,
SC00557,3PL,0.308697375,-1.246410515,0.050796048,
SC00558,3PL,0.81169353,0.526850432,0.044410864,
SC00559,3PL,1.308085546,-0.406486025,0.027705231,
SC00560,3PL,0.610429031,-1.555756307,0.259467335,
SC00561,3PL,0.669978896,0.480724986,0.000307945,
SC00562,3PL,1.339999762,-0.6898245,0.144727796,
SC00563,GPC,1.939150792,-0.205503241,2.754193054,
SC00564,3PL,0.794898183,-1.421018041,0.136465781,
SC00565,3PL,1.203984874,0.525834123,0.293948372,
SC00566,3PL,0.926047719,-0.41750923,0.289536568,
SC00567,GPC,1.556223836,1.321482922,-0.797408619,
SC00568,3PL,0.374221603,0.11955633,0.068320207,
SC00569,3PL,0.493314352,-0.140766708,0.171797033,
SC00570,3PL,1.068324892,-0.42639337,0.254649798,
SC00571,3PL,0.810894802,0.378751908,0.157495029,
SC00572,3PL,0.854829693,-1.073862408,0.105816376,
SC00573,3PL,0.697258974,-0.295827069,0.041927095,
SC00574,3PL,0.747627868,0.253456047,0.129983416,
SC00575,3PL,0.62375707,-1.062474971,0.059645078,
SC00576,3PL,1.293563572,1.812437135,0.241996692,
SC00577,3PL,1.257335092,0.743259743,0.238098216,
SC00578,3PL,0.711690846,-2.975945453,0.253129532,
SC00579,3PL,0.326593119,-0.554458781,0.285962192,
SC00580,3PL,0.725061661,-0.503748991,0.035594975,
SC00581,GPC,1.661914049,2.017179697,0.498058544,
SC00582,3PL,0.837904208,-0.64907264,0.271530219,
SC00583,3PL,0.829938759,-0.558867896,0.221258848,
SC00584,3PL,0.632570888,-0.825293526,0.202683824,
SC00585,3PL,1.098895228,-0.44522504,0.117114743,
SC00586,3PL,1.419487728,-0.138649247,0.031392165,
SC00587,GPC,1.160303507,-0.867686887,-0.121322972,
SC00588,3PL,1.073863863,-0.181891219,0.241403364,
SC00589,3PL,1.044045034,-0.824750708,0.074468648,
SC00590,3PL,0.319932575,0.629504072,0.090024743,
SC00591,3PL,0.826322243,0.172810609,0.282834745,
SC00592,GPC,1.135634175,1.095771059,1.962604856,
SC00593,3PL,1.212939879,-1.355347639,0.054569362,
SC00594,3PL,0.875849294,-0.781138715,0.173273832,
SC00595,3PL,0.784072346,0.624469369,0.138644143,
SC00596,3PL,0.805479421,1.355711147,0.080629046,
SC00597,3PL,0.745024263,-0.287283904,0.023115452,
SC00598,3PL,1.178991586,1.972539577,0.058506205,
SC00599,3PL,1.293094571,-1.595809547,0.280251189,
SC00600,3PL,1.344977465,-1.419682701,0.103394448,
SC00601,3PL,1.515970225,0.700603143,0.214772184,
SC00602,3PL,0.206438387,-1.406380814,0.227892075,
SC00603,3PL,0.99377923,1.15867305,0.294456513,
SC00604,3PL,1.19815268,1.912941513,0.251047833,
SC00605,3PL,0.851086271,0.468533426,0.154035813,
SC00606,3PL,0.323601858,0.073889163,0.009634582,
SC00607,3PL,0.678574898,0.199532353,0.294042077,
SC00608,3PL,0.749517676,-0.734416519,0.137820092,
SC00609,3PL,1.517779183,1.750799549,0.049884315,
SC00610,3PL,0.79544515,-1.81109601,0.122895753,
SC00611,3PL,0.936558696,0.099107992,0.191065922,
SC00612,3PL,0.683745032,0.464925305,0.091903189,
SC00613,3PL,0.690372974,-1.000766601,0.209767116,
SC00614,3PL,0.641487512,1.040955293,0.139290966,
SC00615,3PL,1.414301624,-1.405589708,0.05683147,
SC00616,3PL,0.728491897,-0.985309813,0.242217124,
SC00617,3PL,1.110376589,-0.323821933,0.167065907,
SC00618,3PL,0.363133584,-0.286057778,0.239821972,
SC00619,3PL,0.814,0.059580266,0.135955199,
SC00620,3PL,1.109919635,0.548388192,0.288063662,
SC00621,3PL,0.849597021,-0.655581901,0.158225206,
SC00622,3PL,0.701861934,-1.651463599,0.245137786,
SC00623,3PL,0.538926509,-0.390161648,0.113785315,
SC00624,3PL,0.229793516,-1.075138542,0.015806985,
SC00625,GPC,0.365844313,-0.098186847,-0.67798102,
SC00626,3PL,0.866033876,-0.310558468,0.062492706,
SC00627,3PL,1.314260641,-0.28368797,0.158216903,
SC00628,3PL,0.990100306,-0.058248737,0.287576245,
SC00629,3PL,1.152286216,-1.047467892,0.211386183,
SC00630,3PL,0.6974402,-1.927508404,0.209835514,
SC00631,3PL,0.259037107,3.459579225,0.213623172,
SC00632,3PL,1.435067966,-0.65430107,0.256065986,
SC00633,3PL,0.693785084,-1.812008204,0.10466042,
SC00634,3PL,0.943334964,-2.965107027,0.235942414,
SC00635,3PL,0.863584957,-0.355057874,0.189987741,
SC00636,3PL,0.85053689,-0.984420587,0.093388158,
SC00637,3PL,0.419728954,-2.540221796,0.053413853,
SC00638,3PL,1.452180073,-1.79929863,0.189919645,
SC00639,GPC,1.017078279,1.642248327,0.165401802,
SC00640,3PL,1.5080754,-1.165354132,0.244325631,
SC00641,3PL,0.146189346,0.9998812,0.156058877,
SC00642,3PL,1.134962704,-0.235713195,0.270603125,
SC00643,3PL,1.051989565,-0.246200545,0.150245796,
SC00644,3PL,1.422841469,1.625967624,0.293078961,
SC00645,3PL,1.039370165,-1.021847311,0.149180925,
SC00646,3PL,0.415733207,-0.505883881,0.292149029,
SC00647,3PL,1.068120238,0.823314737,0.231327914,
SC00648,GPC,0.80962131,-1.235458875,0.986213518,
SC00649,3PL,0.797767808,-2.564175933,0.097255614,
SC00650,3PL,0.643722112,-0.432278946,0.173093552,
SC00651,GPC,1.440082506,2.880209453,1.321320818,
SC00652,3PL,1.021380367,-1.728129176,0.021188985,
SC00653,3PL,0.513101898,-2.718400769,0.037535682,
SC00654,GPC,1.17871264,-1.369914355,-0.82080965,
SC00655,3PL,0.815780026,-2.661604037,0.052634281,
SC00656,3PL,0.149734424,-1.145790833,0.21964391,
SC00657,3PL,0.814,1.663352253,0.103535273,
SC00658,3PL,0.808606164,-0.09812116,0.038852489,
SC00659,3PL,0.675390425,0.04624247,0.095086376,
SC00660,3PL,1.046265023,-0.693045658,0.165413267,
SC00661,3PL,0.886118345,-0.303315544,0.057258415,
SC00662,3PL,1.294515613,0.059524151,0.014116191,
SC00663,GPC,1.188897939,-0.884538245,0.78898195,
SC00664,3PL,1.590509898,-0.372281707,0.012362339,
SC00665,3PL,0.459889474,-1.357472438,0.233660357,
SC00666,3PL,0.253643219,-0.520158879,0.274009603,
SC00667,3PL,0.495297658,-0.075415115,0.186432018,
SC00668,3PL,1.466762771,-0.354941209,0.072369427,
SC00669,GPC,1.754661374,1.061352629,3.137346801,
SC00670,3PL,1.058024728,-0.197248923,0.289590118,
SC00671,3PL,1.014220454,-1.383125092,0.081021586,
SC00672,3PL,0.915806216,-2.461563548,0.03774903,
SC00673,3PL,1.11432066,-1.09858432,0.184621659,
SC00674,3PL,0.69762675,1.663604947,0.078633802,
SC00675,3PL,1.031851515,0.112406344,0.051624037,
SC00676,3PL,0.728234378,0.033448729,0.03925689,
SC00677,3PL,0.56935403,-0.445138795,0.247932057,
SC00678,3PL,0.579950412,-2.873558218,0.16106723,
SC00679,3PL,0.792211418,-0.741336089,0.089032311,
SC00680,GPC,1.178641865,0.078246665,0.732999319,
SC00681,3PL,0.95557762,-0.91955409,0.057602131,
SC00682,3PL,0.76346755,-2.514657149,0.298143756,
SC00683,3PL,0.729721636,-0.21344176,0.247843696,
SC00684,3PL,0.534542838,-1.867302478,0.102881666,
SC00685,3PL,1.071914406,0.199959409,0.279786728,
SC00686,3PL,0.498036132,0.633109305,0.132435772,
SC00687,3PL,0.809044222,-0.851612511,0.058576991,
SC00688,3PL,1.614378174,0.210998776,0.01268709,
SC00689,3PL,0.338844237,-1.359954449,0.164656343,
SC00690,3PL,0.682744178,-1.194741978,0.129251311,
SC00691,3PL,0.307500664,-0.114017858,0.144054913,
SC00692,3PL,1.734231953,0.97775516,0.138200031,
SC00693,3PL,0.405699694,-0.119780185,0.210118716,
SC00694,3PL,1.251857368,0.138433797,0.039727278,
SC00695,3PL,0.170411547,-2.687884486,0.147777876,
SC00696,3PL,0.889587811,-0.198067443,0.177922396,
SC00697,3PL,0.997897072,1.249688977,0.229820958,
SC00698,3PL,0.815158806,1.032940521,0.121190668,
SC00699,GPC,0.582571027,-1.690037694,0.045581262,
SC00700,3PL,1.165572628,1.644770908,0.175802157,
SC00701,3PL,0.988046533,2.785585208,0.029028851,
SC00702,3PL,0.768623399,-0.79567573,0.283811157,
SC00703,3PL,0.829470756,-0.773901226,0.190851173,
SC00704,3PL,1.042516794,-0.821075466,0.041050089,
SC00705,3PL,0.945007168,-1.881992567,0.297147473,
SC00706,3PL,1.033056221,-0.810179651,0.198083673,
SC00707,3PL,0.382320096,-0.376051754,0.198270008,
SC00708,3PL,0.878123813,0.717179602,0.17271141,
SC00709,3PL,1.167612281,-0.072464714,0.257191211,
SC00710,3PL,0.559343337,-0.700873007,0.283152575,
SC00711,3PL,0.614096852,-1.125125131,0.249409769,
SC00712,3PL,0.162355429,2.668942203,0.157681687,
SC00713,3PL,1.052768834,1.375286784,0.230054042,
SC00714,3PL,0.596460646,-1.083891043,0.258963165,
SC00715,3PL,0.537518839,-1.884159944,0.035264625,
SC00716,3PL,1.152136574,-0.113407722,0.163517864,
SC00717,3PL,0.625602851,-0.086943508,0.080807041,
SC00718,3PL,1.137387787,1.196064497,0.125108524,
SC00719,3PL,0.768996244,-1.204916732,0.102190547,
SC00720,3PL,0.910181271,-0.14042349,0.215734107,
SC00721,3PL,1.16708635,-0.202509722,0.139446927,
SC00722,3PL,1.085550413,-0.21937375,0.04889744,
SC00723,3PL,1.299800777,0.661598808,0.122846148,
SC00724,3PL,1.012240389,-0.594165267,0.041701213,
SC00725,3PL,0.99353326,-2.5802926,0.092300743,
SC00726,3PL,1.388076561,0.485604437,0.261945432,
SC00727,3PL,1.448939547,1.764615955,0.282816753,
SC00728,3PL,0.465160101,0.303959772,0.103358671,
SC00729,3PL,0.584007409,-0.417616891,0.017783794,
SC00730,3PL,0.484635717,0.247878052,0.068279215,
SC00731,3PL,1.395408787,-2.161286522,0.196328435,
SC00732,GPC,0.403709128,-1.338397763,-0.61060674,
SC00733,3PL,1.225284979,0.357118337,0.095911776,
SC00734,3PL,0.373108266,1.029818535,0.206748958,
SC00735,3PL,0.348026744,-0.306180799,0.027262362,
SC00736,3PL,0.996502125,-0.732340795,0.143602197,
SC00737,3PL,0.871832775,-3.396472077,0.106437015,
SC00738,3PL,0.405694789,-0.786135925,0.134776614,
SC00739,GPC,1.171934901,2.833590664,-0.141829248,
SC00740,3PL,0.736304571,-0.102694337,0.252626414,
SC00741,3PL,1.372414519,-1.917910568,0.20138907,
SC00742,3PL,1.170561435,1.15931322,0.102509116,
SC00743,3PL,0.67861572,2.602625098,0.023738588,
SC00744,3PL,0.841301145,-0.609454746,0.096547478,
SC00745,3PL,0.274797204,1.490859694,0.233522113,
SC00746,3PL,1.25943826,0.511973754,0.293917601,
SC00747,3PL,1.071795945,-1.273191036,0.132930333,
SC00748,3PL,1.444730117,0.410759366,0.202529802,
SC00749,3PL,1.151865004,1.100855689,0.038483368,
SC00750,3PL,0.26462865,1.808430551,0.15749535,
SC00751,3PL,0.438406731,0.539654622,0.223577967,
SC00752,3PL,1.206684084,-0.653271681,0.299181844,
SC00753,3PL,0.958273066,0.780805813,0.177218351,
SC00754,3PL,0.517896015,0.326015376,0.010286868,
SC00755,3PL,0.592474214,0.312881496,0.039119303,
SC00756,3PL,0.344728586,-0.882742019,0.063720239,
SC00757,3PL,0.946522217,-0.297585177,0.010201753,
SC00758,3PL,0.219516778,-1.36961935,0.144952541,
SC00759,3PL,0.89531716,-0.423352349,0.049064672,
SC00760,3PL,1.086892747,1.387495785,0.271560733,
SC00761,3PL,0.275049868,2.60706314,0.23018505,
SC00762,3PL,1.443909408,-2.833460124,0.085625894,
SC00763,3PL,1.308323798,1.301299099,0.015384877,
SC00764,3PL,0.334549293,0.714299464,0.069247042,
SC00765,3PL,0.80716676,-0.724861932,0.226758459,
SC00766,3PL,0.680996435,-0.961254579,0.114969868,
SC00767,3PL,0.256365664,1.209084739,0.290951519,
SC00768,3PL,1.169451667,-2.042112807,0.026463707,
SC00769,3PL,0.465917496,-0.120997495,0.287685251,
SC00770,3PL,0.794718445,-1.793427607,0.242803742,
SC00771,3PL,0.27950106,-2.380182357,0.248499146,
SC00772,3PL,1.035435173,0.859328154,0.196887258,
SC00773,3PL,0.883941428,-2.41805425,0.255903083,
SC00774,3PL,1.315558631,1.662969166,0.009615164,
SC00775,GPC,1.061061273,0.687957037,-4.414103317,
SC00776,3PL,1.284378472,-0.533577553,0.262977902,
SC00777,3PL,0.568890797,-0.93750049,0.063955814,
SC00778,3PL,0.942800673,1.29897987,0.292731616,
SC00779,3PL,1.071025896,-0.426096531,0.129498813,
SC00780,GPC,1.472849148,0.836310692,2.923022645,
SC00781,3PL,0.685059224,0.290026278,0.095905333,
SC00782,3PL,0.483500909,1.293502392,0.056856282,
SC00783,3PL,0.876163029,1.352300345,0.011118159,
SC00784,3PL,0.827510444,-0.87536468,0.277157946,
SC00785,3PL,1.146565701,-0.830420615,0.261311844,
SC00786,3PL,1.232098263,-0.552530564,0.243568658,
SC00787,3PL,0.364162981,-1.179209115,0.085598436,
SC00788,3PL,0.485101108,-0.90169417,0.069997089,
SC00789,3PL,0.579323956,-1.541201702,0.094778457,
SC00790,3PL,0.664993592,0.300586675,0.107861952,
SC00791,GPC,1.490659503,0.772420328,0.952452029,
SC00792,3PL,0.821786846,-1.26199049,0.11726697,
SC00793,3PL,1.268049144,0.04622166,0.085540192,
SC00794,3PL,0.789731133,0.428232513,0.169821958,
SC00795,GPC,1.80648223,-1.237314729,-0.357199129,
SC00796,3PL,0.952403431,0.413398289,0.131503988,
SC00797,3PL,1.538350965,-2.011848434,0.0209902,
SC00798,3PL,1.243876943,-0.634027699,0.129353268,
SC00799,GPC,0.762745916,0.097224966,-1.069762103,
SC00800,3PL,1.094054135,0.600889478,0.115473251,
SC00801,3PL,1.304735296,-0.865460536,0.014346692,
SC00802,3PL,1.300158363,1.550295195,0.270593683,
SC00803,3PL,0.564703433,-0.014561933,0.086691794,
SC00804,3PL,0.303009205,-1.307379074,0.203059893,
SC00805,3PL,0.896743326,1.365055903,0.249091914,
SC00806,3PL,1.242859579,-0.315772499,0.108406893,
SC00807,3PL,0.956362811,-0.319680383,0.031131324,
SC00808,3PL,0.715314381,-1.88930065,0.263851605,
SC00809,GPC,2.04634969,2.166377848,2.723021215,
SC00810,GPC,1.194122514,1.630047871,0.118071858,2.557594496
SC00811,3PL,0.664767381,-2.003649643,0.112203562,
SC00812,3PL,1.543911038,1.867540243,0.222401335,
SC00813,3PL,1.439543171,-1.145005724,0.118097497,
SC00814,3PL,0.298647249,-0.376970636,0.087091639,
SC00815,3PL,1.098784164,-0.387937401,0.239394261,
SC00816,3PL,0.436941581,-1.6369626,0.133611966,
SC00817,3PL,1.063209424,-1.267072968,0.177203464,
SC00818,3PL,0.665645635,-0.620804469,0.07551284,
SC00819,3PL,0.832003289,-1.673516542,0.202007349,
SC00820,3PL,0.413360928,-0.556760014,0.206854937,
SC00821,3PL,1.300649658,1.212361947,0.237416204,
SC00822,3PL,1.122227988,0.482972451,0.175339215,
SC00823,3PL,0.985934669,-2.015929942,0.273517658,
SC00824,3PL,1.040876967,0.604991188,0.103404728,
SC00825,3PL,0.917011403,-1.30203663,0.282909524,
SC00826,3PL,0.427412193,-0.024579281,0.057123133,
SC00827,3PL,1.312379742,-1.081350636,0.289248763,
SC00828,3PL,0.366217586,0.621533402,0.099639387,
SC00829,3PL,0.86876402,-1.753338244,0.010914659,
SC00830,3PL,0.165864607,-0.403891812,0.202421898,
SC00831,3PL,0.414789675,-0.912722571,0.004397008,
SC00832,3PL,1.289531992,-0.864083902,0.20470677,
SC00833,3PL,1.408647145,-0.004684908,0.031590841,
SC00834,3PL,0.755205185,-1.637310277,0.19863577,
SC00835,3PL,0.923091705,0.816383157,0.028982342,
SC00836,3PL,0.630153862,-0.820279523,0.110206629,
SC00837,3PL,1.403664576,1.391332566,0.096445613,
SC00838,3PL,0.196094751,0.752872649,0.217037217,
SC00839,3PL,0.363007391,-0.839367445,0.015475234,
SC00840,3PL,0.931474121,-0.367753262,0.265801513,
SC00841,3PL,0.916220981,1.642338887,0.298865196,
SC00842,3PL,1.379639845,-0.462575719,0.274488344,
SC00843,3PL,0.606929185,-0.621563194,0.124524587,
SC00844,3PL,0.404577047,-0.273764775,0.183258238,
SC00845,3PL,1.258566469,-0.204269506,0.196645296,
SC00846,3PL,1.128386008,-1.618711517,0.237630057,
SC00847,GPC,1.24592774,0.954565634,-4.260919969,
SC00848,3PL,0.715964322,-0.609479186,0.069051567,
SC00849,3PL,1.039523288,-0.586010806,0.17185316,
SC00850,3PL,0.623796065,0.208274026,0.169943116,
SC00851,3PL,0.826552032,-2.880871499,0.119213824,
SC00852,3PL,0.645260025,0.450231772,0.057918358,
SC00853,3PL,1.042289011,-1.567944212,0.130561725,
SC00854,3PL,0.482101965,2.138188585,0.030034959,
SC00855,3PL,1.200906093,-0.574933845,0.107963716,
SC00856,3PL,0.642681057,-1.795936073,0.186827795,
SC00857,3PL,0.83582868,-0.86336891,0.078384308,
SC00858,3PL,0.769189373,0.663243345,0.230749826,
SC00859,3PL,0.480220833,-2.48411417,0.254150289,
SC00860,3PL,0.560794139,-0.796679635,0.206753211,
SC00861,3PL,0.902862025,0.070445494,0.137982515,
SC00862,3PL,0.462774062,-1.077035997,0.070129954,
SC00863,GPC,1.287821815,-0.724488048,0.922040895,
SC00864,3PL,1.384891389,1.898355133,0.226199476,
SC00865,GPC,1.018039243,0.384924259,-0.45698314,
SC00866,3PL,1.172470808,-2.121812416,0.021182682,
SC00867,3PL,0.944292209,-1.61008607,0.145459266,
SC00868,3PL,0.539096721,-1.355668915,0.290680437,
SC00869,3PL,1.450851585,0.590610219,0.046550318,
SC00870,3PL,0.810840747,0.379487962,0.150227742,
SC00871,3PL,1.020214255,-1.95471364,0.274387689,
SC00872,3PL,1.359568262,0.210167466,0.218032439,
SC00873,3PL,0.426535296,-3.412620897,0.244525603,
SC00874,3PL,0.61798795,-0.683211804,0.238508798,
SC00875,3PL,0.814,-0.762214426,0.094684072,
SC00876,3PL,0.861325644,0.00308363,0.286914555,
SC00877,3PL,1.496885759,-0.090416737,0.171778207,
SC00878,3PL,0.609654586,-0.643927384,0.223842588,
SC00879,3PL,0.384323778,0.787070334,0.017141575,
SC00880,GPC,0.84632798,0.227356261,-0.902908817,
SC00881,3PL,1.151203733,0.969793318,0.294217825,
SC00882,GPC,0.746472044,-1.744565511,-0.625307581,
SC00883,3PL,0.751988881,0.935878396,0.161634267,
SC00884,3PL,0.78509544,-1.764548228,0.068727478,
SC00885,GPC,0.592631752,0.439141085,0.870249552,
SC00886,3PL,0.359418579,0.561023751,0.065673252,
SC00887,3PL,1.151360648,-1.914566108,0.152472982,
SC00888,3PL,0.793488658,-0.64247509,0.207238244,
SC00889,3PL,0.805674901,-1.205725816,0.274953765,
SC00890,3PL,1.24458823,-0.174008162,0.266053953,
SC00891,3PL,0.897331198,-2.722854085,0.08700522,
SC00892,3PL,0.606605171,-1.277926152,0.060516669,
SC00893,3PL,1.270331321,-0.161195732,0.1248371,
SC00894,GPC,1.322875967,1.591457354,-2.185884277,
SC00895,3PL,1.07317158,-0.562611023,0.261608177,
SC00896,3PL,1.095429035,-0.378910594,0.229910458,
SC00897,3PL,1.012094664,0.337196053,0.026774268,
SC00898,GPC,1.972789727,4.087469833,0.635608364,
SC00899,3PL,1.394044116,-1.887074346,0.250612779,
SC00900,GPC,0.95253913,-0.965718111,-0.630349394,
SC00901,3PL,1.085140458,1.822690718,0.070550581,
SC00902,3PL,0.822615128,0.479589138,0.285759847,
SC00903,3PL,0.684356992,-1.115351594,0.081948325,
SC00904,3PL,1.26320167,1.773025492,0.015945302,
SC00905,3PL,1.217927179,-0.473161436,0.128100164,
SC00906,3PL,0.6734838,0.582472449,0.122239737,
SC00907,3PL,1.608210148,0.193919007,0.242972787,
SC00908,3PL,1.116378187,0.175322572,0.15170615,
SC00909,3PL,1.243786975,0.311343957,0.257016747,
SC00910,3PL,0.39094006,0.386485275,0.199397721,
SC00911,3PL,1.079093438,-0.659164959,0.059193496,
SC00912,GPC,0.591854504,1.879500725,-0.275931294,
SC00913,3PL,0.976361449,0.176522413,0.198405002,
SC00914,GPC,1.535534033,-0.22795003,0.527075104,
SC00915,3PL,0.514111956,-1.344473852,0.133009107,
SC00916,3PL,0.509008721,0.148288617,0.17917472,
SC00917,3PL,0.506813976,-0.550990139,0.13502528,
SC00918,3PL,0.745140516,-1.604868666,0.298838775,
SC00919,3PL,0.153977015,2.348686593,0.202821899,
SC00920,3PL,1.086365031,0.615953527,0.161582127,
SC00921,3PL,0.489970706,-2.492674584,0.25821437,
SC00922,GPC,1.285288122,0.471912448,3.063302839,
SC00923,3PL,0.404456278,-1.426074541,0.04066831,
SC00924,3PL,1.075085081,-1.01438095,0.016483026,
SC00925,GPC,1.755697518,0.434731667,2.428922556,
SC00926,3PL,0.588112491,-0.515690252,0.215520587,
SC00927,3PL,0.896969089,0.301040018,0.192034062,
SC00928,3PL,0.931748273,-1.549953119,0.040864727,
SC00929,3PL,0.975475143,-0.468606036,0.137016022,
SC00930,3PL,0.610199188,0.048564854,0.002879942,
SC00931,3PL,0.951442242,-1.879434421,0.268545885,
SC00932,3PL,0.362289581,0.668653661,0.261904695,
SC00933,3PL,0.746622104,-1.516700836,0.064943699,
SC00934,3PL,0.273773193,-1.595507974,0.171203307,
SC00935,3PL,1.112233597,-1.204123565,0.123766467,
SC00936,3PL,1.589700545,0.146433121,0.085247434,
SC00937,3PL,1.438568847,-1.550813196,0.213136582,
SC00938,GPC,1.015738687,-1.483322442,1.426727276,
SC00939,3PL,0.3176361,1.471730425,0.119520682,
SC00940,GPC,1.221934535,-1.329927276,-1.069926808,
SC00941,3PL,0.990136992,-2.028514186,0.119697621,
SC00942,3PL,1.097555736,-1.352373355,0.015842742,
SC00943,3PL,0.516437812,-0.141029356,0.058473917,
SC00944,3PL,0.783414086,-0.024351154,0.205693381,
SC00945,3PL,0.401517828,-2.536150292,0.187615476,
SC00946,GPC,1.345207003,-0.050984028,0.523382134,
SC00947,3PL,0.918321861,-0.204893168,0.058718386,
SC00948,3PL,0.479065506,-0.916448289,0.191174662,
SC00949,3PL,0.48705148,-1.313625088,0.278692327,
SC00950,3PL,0.819084331,0.108419995,0.178446732,
SC00951,3PL,0.335697979,-0.084442675,0.205119542,
SC00952,3PL,0.707600312,-0.229388311,0.196358752,
SC00953,3PL,1.338347735,-1.982949367,0.144916416,
SC00954,3PL,0.684690415,-0.439825304,0.230595803,
SC00955,3PL,0.485386435,-0.172535886,0.019099832,
SC00956,3PL,1.278971124,0.030430338,0.044742726,
SC00957,3PL,0.257472894,0.815533615,0.267115107,
SC00958,3PL,0.814,1.368376903,0.243412354,
SC00959,3PL,0.716514454,0.00833548,0.107248958,
SC00960,3PL,0.533562919,-2.077598016,0.154945453,
SC00961,3PL,0.985000609,0.834158819,0.085818287,
SC00962,3PL,0.231746618,-0.441465765,0.224093218,
SC00963,3PL,1.098474447,-0.836456912,0.075618752,
SC00964,GPC,1.227314167,-2.011129328,1.152687073,
SC00965,3PL,0.459077158,-0.659621156,0.235130546,
SC00966,3PL,0.887343298,-2.547004791,0.159909213,
SC00967,3PL,1.42890029,-1.022405304,0.088911164,
SC00968,3PL,1.474074562,1.079866272,0.139039873,
SC00969,3PL,1.326404137,-0.893678086,0.294906761,
SC00970,3PL,0.322021063,-1.595542534,0.234638357,
SC00971,3PL,0.534526765,0.132563105,0.194999121,
SC00972,3PL,0.767687307,-1.005460728,0.229669997,
SC00973,3PL,0.633554021,-1.652719919,0.261958059,
SC00974,3PL,1.202027653,0.133065851,0.283763523,
SC00975,3PL,0.645469757,-0.513338162,0.108265429,
SC00976,3PL,0.893975719,1.598727174,0.058455506,
SC00977,3PL,0.597328259,0.830987721,0.096636884,
SC00978,3PL,0.880824975,-0.208863083,0.173616757,
SC00979,3PL,0.874877443,-1.158435651,0.035596781,
SC00980,3PL,0.464822866,1.450150016,0.238977766,
SC00981,GPC,0.767228035,-1.028080609,0.85692106,
SC00982,3PL,0.814908076,-0.475893248,0.071063207,
SC00983,3PL,0.901563278,0.959173492,0.153718003,
SC00984,3PL,1.454188051,0.003946693,0.079520031,
SC00985,3PL,0.848374706,-0.291400621,0.278398949,
SC00986,3PL,1.098628468,0.682073832,0.109725061,
SC00987,3PL,1.521516487,1.523804482,0.286426548,
SC00988,3PL,0.295446179,-2.98955089,0.129303411,
SC00989,3PL,0.811809131,1.510444567,0.00097734,
SC00990,3PL,0.299281573,0.832627742,0.031741842,
SC00991,3PL,0.93084976,1.810449075,0.185256776,
SC00992,3PL,0.994986787,-0.490256439,0.278187548,
SC00993,GPC,1.033235175,2.494825317,1.358341198,
SC00994,3PL,0.72848205,-2.966298441,0.051265205,
SC00995,3PL,1.024328787,-1.799167474,0.133699515,
SC00996,GPC,1.437677598,0.299225207,1.150768846,
SC00997,3PL,0.730471017,0.339634048,0.113433765,
SC00998,3PL,0.497185148,2.69295003,0.155174471,
SC00999,3PL,0.542368354,0.280892973,0.053379561,
SC01000,3PL,0.632431101,-0.350254285,0.238362884,