ID,STID,TYPE,KEY,NLEVELS,CONTENTNAME,GRADE,DOK,CONTENT,SUBCONTENT,PVAL,PBIS,FORMAT
243145,44743,MC,C,2,2-5: CENTRAL IDEAS:,5,2,1,2,0.285239085,0.156344195,SR SI
243319,44743,MC,C,2,6-5: TEXT STRUCTURES,5,2,1,6,0.476706392,0.429859461,SR SI
243117,44743,MC,C,2,4-5: REASONING & EVI,5,3,1,4,0.43902439,0.426646751,EBSR:
242853,44743,MC,D,2,3-5: WORD MEANINGS:,5,2,1,3,0.308905852,0.229632436,SR SI
242909,44743,MC,B,2,4-5: REASONING & EVI,5,3,1,4,0.225180255,0.232875964,EBSR:
242220,44743,MC,HT,2,5-5: ANALYSIS WITHIN,5,4,1,5,0.371937639,0.420637728,HOT T
241746,44743,MC,D,2,7-5: LANGUAGE USE: I,5,2,1,7,0.470187394,0.368295904,SR SI
243258,44744,MC,B,2,1-5: KEY DETAILS: US,5,2,1,1,0.626361656,0.491959137,SR SI
243106,44744,MC,B,2,1-5: KEY DETAILS: US,5,2,1,1,0.033771107,0.099937186,SR MU
243260,44744,MC,A,2,2-5: CENTRAL IDEAS:,5,2,1,2,0.283437014,0.43687091,SR MU
243173,44744,CR,0,3,2-5: CENTRAL IDEAS:,5,3,1,2,0.074002883,0.39301812,SHORT
243262,44744,MC,HT,2,3-5: WORD MEANINGS:,5,2,1,3,0.685343228,0.562927921,HOT T
242951,44744,MC,B,2,3-5: WORD MEANINGS:,5,2,1,3,0.660208644,0.30872501,SR SI
242956,44744,MC,C,2,6-5: TEXT STRUCTURES,5,2,1,6,0.440840975,0.373084552,SR SI
242859,44744,MC,A,2,6-5: TEXT STRUCTURES,5,3,1,6,0.223809524,0.36011986,SR MU
242964,44744,MC,C,2,7-5: LANGUAGE USE: I,5,2,1,7,0.344191097,0.093590994,SR SI
242810,44744,MC,A,2,7-5: LANGUAGE USE: I,5,2,1,7,0.302890173,0.374408802,SR MU
241747,44744,MC,B,2,6-5: TEXT STRUCTURES,5,3,1,6,0.011235955,0.243550379,EBSR:
243197,44745,MC,B,2,1-4: KEY DETAILS: US,4,2,1,1,0.12256006,0.321984422,SR MU
243313,44745,MC,A,2,2-4: CENTRAL IDEAS:,4,2,1,2,0.788439527,0.5107033,SR SI
243114,44745,CR,0,3,2-4: CENTRAL IDEAS:,4,3,1,2,0.102323009,0.39691876,SHORT
243318,44745,MC,HT,2,3-4: WORD MEANINGS:,4,2,1,3,0.409858512,0.33370133,HOT T
243203,44745,MC,D,2,3-4: WORD MEANINGS:,4,2,1,3,0.226548673,0.087249429,SR SI
243326,44745,MC,D,2,4-4: REASONING & EVA,4,3,1,4,0.401874311,0.468804892,EBSR:
243148,44745,MC,C,2,6-4: TEXT STRUCTURES,4,3,1,6,0.676271186,0.494962216,SR SI
243333,44745,MC,C,2,6-4: TEXT STRUCTURES,4,3,1,6,0.12231405,0.332084337,SR MU
243210,44745,MC,D,2,3-4: WORD MEANINGS:,4,2,1,3,0.727770178,0.552525076,SR SI
241766,44745,MC,A,2,5-4: ANALYSIS WITHIN,4,3,1,5,0.300917431,0.211844828,SR SI
241800,44745,MC,A,2,5-4: ANALYSIS WITHIN,4,3,1,5,0.258241758,0.436608235,SR MU
241748,44745,MC,A,2,7-4: LANGUAGE USE: D,4,2,1,7,0.2172362,0.411173561,SR MU
244303,44749,MC,B,2,2-4: CENTRAL IDEAS:,4,2,1,2,0.663591636,0.484236152,SR SI
244415,44749,MC,A,2,4-4: REASONING & EVA,4,3,1,4,0.417498686,0.567568572,EBSR:
241792,44749,MC,C,2,5-4: ANALYSIS WITHIN,4,3,1,5,0.095121951,0.20315935,EBSR:
244295,44749,MC,HT,2,1-4: KEY DETAILS: US,4,2,1,1,0.375119226,0.517248249,HOT T
244547,44749,MC,HT,2,2-4: CENTRAL IDEAS:,4,2,1,2,0.42350886,0.418332401,HOT T
244549,44749,MC,B,2,4-4: REASONING & EVA,4,3,1,4,0.269196257,0.463041139,EBSR:
241758,44749,MC,B,2,7-4: LANGUAGE USE: D,4,2,1,7,0.279874214,0.514090018,SR MU
243253,44751,MC,A,2,4-5: REASONING & EVI,5,3,1,4,0.172239108,0.271513402,EBSR:
243255,44751,MC,D,2,6-5: TEXT STRUCTURES,5,2,1,6,0.207228916,0.142570432,SR SI
243129,44751,MC,C,2,3-5: WORD MEANINGS:,5,2,1,3,0.671966084,0.537566424,SR SI
243256,44751,MC,B,2,6-5: TEXT STRUCTURES,5,3,1,6,0.028571429,-0.053287161,SR MU
243172,44751,MC,A,2,3-5: WORD MEANINGS:,5,2,1,3,0.244692144,0.34554904,SR MU
243131,44751,CR,0,3,4-5: REASONING & EVI,5,3,1,4,0.119210327,0.486142547,SHORT
243263,44751,CR,0,3,2-5: CENTRAL IDEAS:,5,3,1,2,0.062672176,0.321444399,SHORT
241768,44751,MC,A,2,7-5: LANGUAGE USE: I,5,2,1,7,0.355197332,-0.059121463,SR SI
241769,44751,MC,E,2,7-5: LANGUAGE USE: I,5,2,1,7,0.116096467,0.282291933,SR MU
244005,44757,MC,D,2,6-5: TEXT STRUCTURES,5,3,1,6,0.140350877,0.180570663,SR MU
244250,44757,MC,C,2,2-5: CENTRAL IDEAS:,5,2,1,2,0.578086489,0.342364489,SR SI
244040,44757,MC,HT,2,4-5: REASONING & EVI,5,3,1,4,0.281528507,0.409709681,HOT T
241778,44757,MC,A,2,5-5: ANALYSIS WITHIN,5,3,1,5,0.175675676,0.412020655,SR MU
244254,44757,MC,A,2,7-5: LANGUAGE USE: I,5,2,1,7,0.670535041,0.260244249,SR SI
243134,44760,MC,C,2,3-4: WORD MEANINGS:,4,1,1,3,0.544640859,0.48532654,SR SI
243184,44760,CR,0,3,4-4: REASONING & EVA,4,3,1,4,0.074026686,0.312785793,SHORT
243111,44760,CR,0,3,2-4: CENTRAL IDEAS:,4,3,1,2,0.049274744,0.306352906,SHORT
243194,44760,MC,D,2,6-4: TEXT STRUCTURES,4,3,1,6,0.373611111,0.345915375,SR SI
243309,44760,MC,D,2,6-4: TEXT STRUCTURES,4,3,1,6,0.01978691,0.113989955,SR MU
243192,44760,MC,HT,2,2-4: CENTRAL IDEAS:,4,2,1,2,0.018857304,0.135386483,HOT T
243301,44760,MC,HT,2,1-4: KEY DETAILS: US,4,1,1,1,0.567311923,0.355766313,HOT T
243141,44760,MC,B,2,4-4: REASONING & EVA,4,3,1,4,0.262483131,0.448304955,EBSR:
242116,44760,MC,B,2,5-4: ANALYSIS WITHIN,4,4,1,5,0.241773963,0.406845362,SR MU
241806,44760,MC,B,2,7-4: LANGUAGE USE: D,4,2,1,7,0.652162752,0.34950372,SR SI
241946,44760,MC,C,2,5-4: ANALYSIS WITHIN,4,4,1,5,0.180740741,0.355847529,EBSR:
243246,44762,MC,C,2,2-5: CENTRAL IDEAS:,5,2,1,2,0.49296341,0.530357019,EBSR:
243167,44762,CR,0,3,2-5: CENTRAL IDEAS:,5,3,1,2,0.108225108,0.39440517,SHORT
243247,44762,MC,B,2,3-5: WORD MEANINGS:,5,2,1,3,0.396336207,0.247670106,SR SI
243100,44762,CR,0,3,4-5: REASONING & EVI,5,3,1,4,0.28813237,0.607356403,SHORT
243248,44762,MC,B,2,6-5: TEXT STRUCTURES,5,2,1,6,0.807422267,0.491873613,SR SI
243168,44762,MC,E,2,6-5: TEXT STRUCTURES,5,2,1,6,0.034414295,0.155419817,SR MU
242996,44762,MC,D,2,1-5: KEY DETAILS: US,5,2,1,1,0.160629582,-0.135926295,SR SI
242421,44762,MC,C,2,5-5: ANALYSIS WITHIN,5,3,1,5,0.290806754,0.547460407,SR MU
241809,44762,MC,HT,2,5-5: ANALYSIS WITHIN,5,3,1,5,0.046904315,0.137398838,HOT T
242001,44762,MC,C,2,7-5: LANGUAGE USE: I,5,3,1,7,0.461904762,0.336346615,SR SI
241898,44762,MC,C,2,7-5: LANGUAGE USE: I,5,2,1,7,0.309852876,0.41992893,SR MU
244228,44765,MC,C,2,9-4: CENTRAL IDEAS:,4,2,2,9,0.340425532,0.347289243,SR SI
244232,44765,CR,0,3,11-4: REASONING & EV,4,3,2,11,0.129654554,0.437573954,SHORT
243979,44765,MC,E,2,13-4: TEXT STRUCTURE,4,3,2,13,0.21381579,0.425569205,SR MU
244236,44765,MC,HT,2,10-4: WORD MEANINGS:,4,2,2,10,0.456875,0.404644307,HOT T
243786,44765,MC,HT,2,10-4: WORD MEANINGS:,4,1,2,10,0.317936615,0.299663795,HOT T
242074,44765,MC,HT,2,12-4: ANALYSIS WITHI,4,4,2,12,0.184184184,0.306331074,HOT T
241935,44765,MC,B,2,12-4: ANALYSIS WITHI,4,4,2,12,0.490134995,0.456869077,SR MU
242076,44765,MC,D,2,14-4: LANGUAGE USE:,4,3,2,14,0.423076923,0.346460467,SR SI
241813,44765,MC,B,2,14-4: LANGUAGE USE:,4,3,2,14,0.549190536,0.506022937,SR SI
242078,44765,MC,D,2,12-4: ANALYSIS WITHI,4,3,2,12,0.024169184,0.202770311,EBSR:
241937,44765,MC,A,2,14-4: LANGUAGE USE:,4,3,2,14,0.12042503,0.327151169,SR MU
244481,44772,MC,HT,2,8-5: KEY DETAILS: US,5,2,2,8,0.100821509,0.087001132,HOT T
244338,44772,CR,0,3,9-5: CENTRAL IDEAS:,5,3,2,9,0.074458484,0.333338189,SHORT
244483,44772,CR,0,3,11-5: REASONING & EV,5,3,2,11,0.114610222,0.478555346,SHORT
244386,44772,MC,HT,2,11-5: REASONING & EV,5,3,2,11,0.205408886,0.456176833,HOT T
244485,44772,MC,B,2,12-5: ANALYSIS WITHI,5,4,2,12,0.52728513,0.424203023,SR SI
244300,44772,MC,C,2,12-5: ANALYSIS WITHI,5,4,2,12,0.212363636,0.407482946,SR MU
244487,44772,MC,E,2,13-5: TEXT STRUCTURE,5,3,2,13,0.125,0.340356338,SR MU
244387,44772,MC,C,2,13-5: TEXT STRUCTURE,5,2,2,13,0.637569327,0.463498702,SR SI
244489,44772,MC,C,2,14-5: LANGUAGE USE:,5,3,2,14,0.432432432,0.306966382,SR SI
244340,44772,MC,D,2,14-5: LANGUAGE USE:,5,2,2,14,0.211710622,0.346434158,SR MU
241827,44772,MC,C,2,8-5: KEY DETAILS: US,5,1,2,8,0.25453629,0.481337295,SR MU
243370,44774,MC,A,2,1-5: KEY DETAILS: US,5,2,1,1,0.773296245,0.515857637,SR SI
243553,44774,MC,HT,2,1-5: KEY DETAILS: US,5,2,1,1,0.396663577,0.469139452,HOT T
243449,44774,CR,0,3,2-5: CENTRAL IDEAS:,5,2,1,2,0.212828771,0.33802261,SHORT
243555,44774,MC,A,2,3-5: WORD MEANINGS:,5,2,1,3,0.750349977,0.497978562,SR SI
243397,44774,MC,C,2,3-5: WORD MEANINGS:,5,2,1,3,0.821445221,0.519315021,SR SI
243557,44774,CR,0,3,4-5: REASONING & EVI,5,3,1,4,0.325858779,0.559509916,SHORT
243558,44774,MC,B,2,6-5: TEXT STRUCTURES,5,2,1,6,0.68956554,0.472379542,SR SI
243358,44774,MC,B,2,6-5: TEXT STRUCTURES,5,3,1,6,0.494949495,0.232962718,SR SI
243560,44774,MC,HT,2,4-5: REASONING & EVI,5,3,1,4,0.312107248,0.426595157,HOT T
242075,44774,MC,HT,2,5-5: ANALYSIS WITHIN,5,3,1,5,0.340388007,0.510751038,HOT T
241830,44774,MC,B,2,7-5: LANGUAGE USE: I,5,3,1,7,0.495454546,0.313445543,SR SI
244401,44781,CR,0,3,11-4: REASONING & EV,4,3,2,11,0.042866283,0.324977458,SHORT
244518,44781,MC,A,2,11-4: REASONING & EV,4,3,2,11,0.428429424,0.414397617,EBSR:
244195,44781,CR,0,3,9-4: CENTRAL IDEAS:,4,3,2,9,0.094368341,0.414665435,SHORT
244083,44781,MC,C,2,10-4: WORD MEANINGS:,4,1,2,10,0.481236203,0.346425157,SR SI
244199,44781,MC,A,2,13-4: TEXT STRUCTURE,4,2,2,13,0.057573074,0.244765189,SR MU
244027,44781,MC,B,2,13-4: TEXT STRUCTURE,4,3,2,13,0.598630137,0.406874022,SR SI
241991,44781,MC,D,2,14-4: LANGUAGE USE:,4,3,2,14,0.495584416,0.508887752,SR SI
241845,44781,MC,B,2,12-4: ANALYSIS WITHI,4,3,2,12,0.119818653,0.324046289,EBSR:
243071,44786,CR,0,3,2-4: CENTRAL IDEAS:,4,3,1,2,0.073736537,0.371204165,SHORT
242799,44786,MC,D,2,2-4: CENTRAL IDEAS:,4,2,1,2,0.849863512,0.521368058,SR SI
242934,44786,MC,D,2,3-4: WORD MEANINGS:,4,1,1,3,0.566340607,0.63631204,SR SI
242849,44786,CR,0,3,4-4: REASONING & EVA,4,3,1,4,0.110172384,0.398999067,SHORT
242949,44786,MC,HT,2,4-4: REASONING & EVA,4,3,1,4,0.205389658,0.50600339,HOT T
242880,44786,MC,HT,2,3-4: WORD MEANINGS:,4,2,1,3,0.475101785,0.588342513,HOT T
243000,44786,MC,A,2,6-4: TEXT STRUCTURES,4,3,1,6,0.273121387,0.066982905,SR SI
242819,44786,MC,B,2,6-4: TEXT STRUCTURES,4,2,1,6,0.403260289,0.261988379,SR SI
241853,44786,MC,D,2,5-4: ANALYSIS WITHIN,4,3,1,5,0.680144218,0.546266623,SR SI
242026,44786,MC,B,2,7-4: LANGUAGE USE: D,4,2,1,7,0.704584775,0.509279047,SR SI
241910,44786,MC,B,2,7-4: LANGUAGE USE: D,4,2,1,7,0.395971716,0.232667613,SR SI
243579,44790,MC,D,2,1-4: KEY DETAILS: US,4,2,1,1,0.554455446,0.453601422,SR SI
243374,44790,MC,B,2,6-4: TEXT STRUCTURES,4,2,1,6,0.421917808,0.325672768,SR SI
243580,44790,MC,A,2,3-4: WORD MEANINGS:,4,2,1,3,0.64448052,0.405590212,SR SI
243483,44790,MC,HT,2,2-4: CENTRAL IDEAS:,4,2,1,2,0.541818182,0.504598859,HOT T
243620,44790,MC,B,2,2-4: CENTRAL IDEAS:,4,2,1,2,0.570110701,0.392305563,SR SI
241858,44790,MC,B,2,7-4: LANGUAGE USE: D,4,2,1,7,0.6241033,0.19633933,SR SI
243249,44806,MC,B,2,2-4: CENTRAL IDEAS:,4,2,1,2,0.110080504,0.273458907,EBSR:
243128,44806,MC,D,2,6-4: TEXT STRUCTURES,4,2,1,6,0.467080317,0.470105417,SR SI
243250,44806,MC,B,2,4-4: REASONING & EVA,4,3,1,4,0.249340369,0.365983347,EBSR:
243169,44806,MC,D,2,2-4: CENTRAL IDEAS:,4,2,1,2,0.383535194,0.260098457,SR SI
243302,44806,MC,A,2,3-4: WORD MEANINGS:,4,1,1,3,0.657173371,0.567026429,SR SI
242968,44806,MC,HT,2,1-4: KEY DETAILS: US,4,2,1,1,0.411786929,0.42661285,HOT T
242826,44806,MC,HT,2,4-4: REASONING & EVA,4,3,1,4,0.149876684,0.375865046,HOT T
241914,44806,MC,A,2,5-4: ANALYSIS WITHIN,4,3,1,5,0.455670103,0.255891743,SR SI
244336,44809,MC,B,2,8-5: KEY DETAILS: US,5,1,2,8,0.354986877,0.178350741,SR SI
244476,44809,MC,E,2,9-5: CENTRAL IDEAS:,5,2,2,9,0.056810704,0.166018575,SR MU
244382,44809,MC,B,2,10-5: WORD MEANINGS:,5,1,2,10,0.127734033,0.268004653,SR MU
244478,44809,CR,0,3,11-5: REASONING & EV,5,3,2,11,0.055179283,0.326594402,SHORT
244479,44809,MC,D,2,12-5: ANALYSIS WITHI,5,4,2,12,0.131730769,0.359737873,EBSR:
244384,44809,MC,C,2,13-5: TEXT STRUCTURE,5,3,2,13,0.366601435,0.28374697,SR SI
244194,44809,MC,B,2,13-5: TEXT STRUCTURE,5,3,2,13,0.009204471,0.024943081,SR MU
244257,44809,CR,0,3,9-5: CENTRAL IDEAS:,5,3,2,9,0.098898348,0.459876941,SHORT
241924,44809,MC,B,2,14-5: LANGUAGE USE:,5,3,2,14,0.576696165,0.466275106,SR SI
242053,44809,MC,B,2,14-5: LANGUAGE USE:,5,3,2,14,0.140453548,0.396294671,SR MU
246154,44812,MC,D,2,1-4: KEY DETAILS: US,4,2,1,1,0.207433451,0.437104603,SR MU
245965,44812,MC,B,2,1-4: KEY DETAILS: US,4,1,1,1,0.645938375,0.495652252,SR SI
246155,44812,CR,0,3,2-4: CENTRAL IDEAS:,4,3,1,2,0.134366925,0.436643861,SHORT
246031,44812,MC,B,2,2-4: CENTRAL IDEAS:,4,2,1,2,0.483870968,0.640235606,EBSR:
245935,44812,MC,A,2,6-4: TEXT STRUCTURES,4,3,1,6,0.620087336,0.402010499,SR SI
246159,44812,MC,A,2,6-4: TEXT STRUCTURES,4,3,1,6,0.107623318,0.272048851,SR MU
245689,44812,MC,A,2,3-4: WORD MEANINGS:,4,2,1,3,0.463731866,0.509550214,SR MU
245791,44812,CR,0,3,4-4: REASONING & EVA,4,3,1,4,0.14893617,0.500318858,SHORT
243431,44812,MC,HT,2,4-4: REASONING & EVA,4,3,1,4,0.277777778,0.447359156,HOT T
242067,44812,MC,HT,2,5-4: ANALYSIS WITHIN,4,4,1,5,0.004889976,-0.02703097,HOT T
241932,44812,MC,C,2,7-4: LANGUAGE USE: D,4,3,1,7,0.272727273,-0.021399954,SR SI
244332,44813,MC,C,2,8-5: KEY DETAILS: US,5,2,2,8,0.341071638,0.41782995,SR SI
244463,44813,MC,A,2,9-5: CENTRAL IDEAS:,5,2,2,9,0.188434896,0.300628685,SR MU
244378,44813,MC,C,2,11-5: REASONING & EV,5,3,2,11,0.295663412,0.489259434,EBSR:
244469,44813,MC,HT,2,12-5: ANALYSIS WITHI,5,4,2,12,0.08135169,0.341435628,HOT T
244311,44813,MC,B,2,9-5: CENTRAL IDEAS:,5,2,2,9,0.110899046,0.008877789,SR MU
244496,44813,MC,B,2,13-5: TEXT STRUCTURE,5,3,2,13,0.053050398,0.107191622,SR MU
244533,44813,CR,0,3,11-5: REASONING & EV,5,3,2,11,0.065100087,0.395365552,SHORT
244351,44813,CR,0,3,11-5: REASONING & EV,5,3,2,11,0.093104063,0.417213014,SHORT
244535,44813,MC,C,2,10-5: WORD MEANINGS:,5,2,2,10,0.658806717,0.441250709,SR SI
244409,44813,MC,D,2,10-5: WORD MEANINGS:,5,2,2,10,0.396651982,0.438117203,SR MU
241938,44813,MC,D,2,14-5: LANGUAGE USE:,5,2,2,14,0.46400187,0.515638424,SR SI
243306,44815,MC,B,2,2-5: CENTRAL IDEAS:,5,2,1,2,0.379220214,0.232958549,SR SI
243116,44815,MC,HT,2,1-5: KEY DETAILS: US,5,2,1,1,0.375,0.335613461,HOT T
242836,44815,MC,D,2,4-5: REASONING & EVI,5,3,1,4,0.347900895,0.537429272,EBSR:
242098,44815,MC,B,2,5-5: ANALYSIS WITHIN,5,3,1,5,0.466549296,0.270994094,SR MU
241948,44815,MC,D,2,7-5: LANGUAGE USE: I,5,2,1,7,0.613445378,0.525275739,SR SI
243573,44815,MC,D,2,2-5: CENTRAL IDEAS:,5,2,1,2,0.441202282,0.434080851,SR SI
243359,44815,MC,D,2,6-5: TEXT STRUCTURES,5,2,1,6,0.304828389,0.421770917,SR MU
243574,44815,MC,C,2,3-5: WORD MEANINGS:,5,2,1,3,0.746183206,0.419768054,SR SI
243039,44815,MC,HT,2,4-5: REASONING & EVI,5,3,1,4,0.129299289,0.344138407,HOT T
244390,44820,MC,D,2,9-5: CENTRAL IDEAS:,5,2,2,9,0.438786566,0.582661316,EBSR:
244497,44820,MC,B,2,11-5: REASONING & EV,5,3,2,11,0.14848144,0.302097329,EBSR:
244630,44820,MC,D,2,11-5: REASONING & EV,5,3,2,11,0.256719693,0.472490317,EBSR:
244504,44820,MC,HT,2,11-5: REASONING & EV,5,3,2,11,0.126582279,0.346682595,HOT T
244396,44820,MC,A,2,8-5: KEY DETAILS: US,5,1,2,8,0.392130258,0.241733921,SR SI
244511,44820,MC,B,2,13-5: TEXT STRUCTURE,5,2,2,13,0.217102348,-0.143365473,SR SI
241993,44820,MC,A,2,14-5: LANGUAGE USE:,5,2,2,14,0.149977548,0.264969893,SR MU
244160,44824,MC,A,2,12-5: ANALYSIS WITHI,5,4,2,12,0.067474048,0.128613131,SR MU
243653,44824,MC,A,2,12-5: ANALYSIS WITHI,5,3,2,12,0.20683112,0.33066669,EBSR:
243915,44824,MC,B,2,13-5: TEXT STRUCTURE,5,3,2,13,0.489001692,0.297930379,SR SI
242049,44824,MC,B,2,14-5: LANGUAGE USE:,5,3,2,14,0.06056338,0.087693339,SR MU
244064,44824,MC,C,2,9-5: CENTRAL IDEAS:,5,2,2,9,0.43266391,0.295170626,SR SI
244159,44824,MC,HT,2,10-5: WORD MEANINGS:,5,1,2,10,0.69043152,0.593550133,HOT T
244017,44824,MC,D,2,11-5: REASONING & EV,5,3,2,11,0.209564423,0.451129866,EBSR:
243875,44824,MC,HT,2,8-5: KEY DETAILS: US,5,2,2,8,0.313854235,0.485851795,HOT T
243251,44833,MC,D,2,2-5: CENTRAL IDEAS:,5,2,1,2,0.679558011,0.508272446,SR SI
243105,44833,MC,A,2,6-5: TEXT STRUCTURES,5,2,1,6,0.106467662,0.044960054,SR MU
243252,44833,MC,B,2,2-5: CENTRAL IDEAS:,5,2,1,2,0.622442244,0.645877622,EBSR:
243170,44833,MC,A,2,4-5: REASONING & EVI,5,3,1,4,0.283010157,0.42252408,EBSR:
243006,44833,MC,A,2,6-5: TEXT STRUCTURES,5,2,1,6,0.140214216,0.331228884,SR MU
242100,44833,MC,B,2,5-5: ANALYSIS WITHIN,5,3,1,5,0.84063745,0.402693909,SR SI
244470,44836,MC,A,2,2-4: CENTRAL IDEAS:,4,2,1,2,0.124860647,0.273383675,SR MU
242109,44836,MC,A,2,7-4: LANGUAGE USE: D,4,3,1,7,0.259423503,-0.083425376,SR SI
244468,44836,MC,C,2,1-4: KEY DETAILS: US,4,1,1,1,0.378993905,0.602538346,SR MU
244335,44836,MC,B,2,2-4: CENTRAL IDEAS:,4,2,1,2,0.560953462,0.503907854,SR SI
244379,44836,MC,D,2,3-4: WORD MEANINGS:,4,1,1,3,0.296024259,0.266533868,SR SI
244472,44836,MC,A,2,4-4: REASONING & EVA,4,3,1,4,0.246274668,0.384699597,EBSR:
243171,44852,MC,C,2,4-5: REASONING & EVI,5,3,1,4,0.455329637,0.530435577,EBSR:
243257,44852,MC,D,2,2-5: CENTRAL IDEAS:,5,2,1,2,0.223203769,0.386726371,EBSR:
243130,44852,MC,D,2,3-5: WORD MEANINGS:,5,1,1,3,0.646363972,0.556576552,SR SI
243261,44852,MC,B,2,6-5: TEXT STRUCTURES,5,2,1,6,0.655643958,0.496157296,SR SI
243174,44852,MC,C,2,7-5: LANGUAGE USE: I,5,2,1,7,0.195505075,-0.016321132,SR SI
242148,44852,MC,A,2,5-5: ANALYSIS WITHIN,5,3,1,5,0.25,0.32216043,SR MU
243234,44866,MC,A,2,1-5: KEY DETAILS: US,5,1,1,1,0.576301616,0.415627795,SR SI
243099,44866,MC,HT,2,2-5: CENTRAL IDEAS:,5,2,1,2,0.498538487,0.283475197,HOT T
243238,44866,MC,C,2,2-5: CENTRAL IDEAS:,5,2,1,2,0.510381458,0.390990955,SR SI
243164,44866,MC,C,2,4-5: REASONING & EVI,5,3,1,4,0.44372442,0.570257358,EBSR:
243241,44866,MC,HT,2,4-5: REASONING & EVI,5,3,1,4,0.401577446,0.546240106,HOT T
243126,44866,MC,B,2,5-5: ANALYSIS WITHIN,5,3,1,5,0.722222222,0.393293709,SR SI
243244,44866,MC,D,2,6-5: TEXT STRUCTURES,5,2,1,6,0.147793363,0.329015301,SR MU
242168,44866,MC,D,2,3-5: WORD MEANINGS:,5,1,1,3,0.689804052,0.236471608,SR SI
242296,44866,MC,D,2,7-5: LANGUAGE USE: I,5,2,1,7,0.523463078,0.417702775,SR SI
243590,44867,MC,C,2,1-5: KEY DETAILS: US,5,2,1,1,0.313059034,0.101653505,SR SI
243376,44867,MC,HT,2,2-5: CENTRAL IDEAS:,5,2,1,2,0.279759738,0.134278067,SR SI
243591,44867,MC,D,2,2-5: CENTRAL IDEAS:,5,2,1,2,0.27965021,0.147238909,SR SI
243471,44867,MC,HT,2,3-5: WORD MEANINGS:,5,2,1,3,0.560477002,0.44087205,HOT T
243593,44867,MC,C,2,4-5: REASONING & EVI,5,3,1,4,0.577310924,0.575694653,EBSR:
243407,44867,MC,B,2,4-5: REASONING & EVI,5,3,1,4,0.417158516,0.477724192,EBSR:
243595,44867,MC,C,2,6-5: TEXT STRUCTURES,5,3,1,6,0.421052632,0.202413922,SR SI
242170,44867,MC,B,2,5-5: ANALYSIS WITHIN,5,3,1,5,0.228205128,-0.119486395,SR SI
243752,44887,MC,HT,2,1-4: KEY DETAILS: US,4,2,1,1,0.05468259,0.181832068,HOT T
243866,44887,MC,A,2,1-4: KEY DETAILS: US,4,2,1,1,0.470864662,0.358158447,SR SI
243493,44887,CR,0,3,2-4: CENTRAL IDEAS:,4,3,1,2,0.123381569,0.487547596,SHORT
243639,44887,MC,C,2,2-4: CENTRAL IDEAS:,4,2,1,2,0.39245895,0.359058249,SR SI
243351,44887,MC,HT,2,3-4: WORD MEANINGS:,4,2,1,3,0.541691662,0.416082132,HOT T
243496,44887,MC,C,2,7-4: LANGUAGE USE: D,4,2,1,7,0.145958987,0.426205942,SR MU
243420,44887,CR,0,3,4-4: REASONING & EVA,4,3,1,4,0.143274221,0.341814387,SHORT
243498,44887,MC,A,2,6-4: TEXT STRUCTURES,4,2,1,6,0.40295858,0.119613166,SR SI
243030,44887,MC,A,2,4-4: REASONING & EVA,4,3,1,4,0.270758123,0.332861867,EBSR:
242294,44887,MC,A,2,7-4: LANGUAGE USE: D,4,3,1,7,0.476923077,0.295548564,SR SI
242212,44887,MC,B,2,7-4: LANGUAGE USE: D,4,3,1,7,0.341269841,0.497109881,SR MU
243507,44899,MC,C,2,9-5: CENTRAL IDEAS:,5,2,2,9,0.479264214,0.366397764,SR SI
243386,44899,MC,HT,2,9-5: CENTRAL IDEAS:,5,2,2,9,0.366778524,0.50822545,HOT T
243512,44899,MC,C,2,11-5: REASONING & EV,5,3,2,11,0.327496511,0.370354854,EBSR:
243429,44899,MC,C,2,11-5: REASONING & EV,5,3,2,11,0.217132734,0.375391852,EBSR:
243519,44899,MC,B,2,12-5: ANALYSIS WITHI,5,4,2,12,0.10923277,0.255176666,SR MU
242369,44899,MC,B,2,14-5: LANGUAGE USE:,5,2,2,14,0.154646325,0.329034919,SR MU
242274,44899,MC,D,2,14-5: LANGUAGE USE:,5,2,2,14,0.425989086,0.495640411,SR SI
243330,44904,MC,D,2,4-4: REASONING & EVA,4,3,1,4,0.18839885,0.416593425,EBSR:
242926,44904,MC,D,2,2-4: CENTRAL IDEAS:,4,2,1,2,0.20078534,0.169173164,SR SI
242953,44904,MC,B,2,4-4: REASONING & EVA,4,3,1,4,0.269640479,0.420696826,EBSR:
242828,44904,MC,D,2,3-4: WORD MEANINGS:,4,2,1,3,0.783060109,0.57225447,SR SI
242303,44904,MC,HT,2,5-4: ANALYSIS WITHIN,4,3,1,5,0.001576044,-0.004364976,HOT T
243229,44913,MC,A,2,6-4: TEXT STRUCTURES,4,2,1,6,0.011111111,0.059487162,SR MU
243132,44913,MC,C,2,1-4: KEY DETAILS: US,4,1,1,1,0.436862555,0.442771147,SR SI
243267,44913,MC,HT,2,2-4: CENTRAL IDEAS:,4,2,1,2,0.423026531,0.52415774,HOT T
243176,44913,MC,B,2,2-4: CENTRAL IDEAS:,4,2,1,2,0.340079628,0.23444731,SR SI
243268,44913,MC,C,2,3-4: WORD MEANINGS:,4,1,1,3,0.575451066,0.49664896,SR SI
243107,44913,MC,B,2,4-4: REASONING & EVA,4,3,1,4,0.151296068,0.253041298,EBSR:
243334,44913,MC,B,2,5-4: ANALYSIS WITHIN,4,3,1,5,0.421875,0.205834356,SR SI
242427,44913,MC,A,2,7-4: LANGUAGE USE: D,4,2,1,7,0.609219858,0.366167457,SR SI
244752,44915,MC,HT,2,8-4: KEY DETAILS: US,4,2,2,8,0.172876304,0.399425611,HOT T
244878,44915,CR,0,3,11-4: REASONING & EV,4,3,2,11,0.102669405,0.385473847,SHORT
244754,44915,MC,B,2,13-4: TEXT STRUCTURE,4,3,2,13,0.254355401,0.187497009,SR MU
244880,44915,MC,D,2,13-4: TEXT STRUCTURE,4,3,2,13,0.36,0.294838417,SR SI
242601,44915,MC,A,2,12-4: ANALYSIS WITHI,4,4,2,12,0.125,0.269861351,EBSR:
242433,44915,MC,C,2,12-4: ANALYSIS WITHI,4,4,2,12,0.53638814,0.288359578,SR SI
242603,44915,MC,A,2,14-4: LANGUAGE USE:,4,2,2,14,0.013412817,0.091257943,SR MU
243284,44918,MC,A,2,1-4: KEY DETAILS: US,4,2,1,1,0.383140148,0.146219547,SR SI
243139,44918,CR,0,3,2-4: CENTRAL IDEAS:,4,3,1,2,0.069877243,0.450350194,SHORT
243304,44918,MC,C,2,2-4: CENTRAL IDEAS:,4,2,1,2,0.530586371,0.295411339,SR SI
243200,44918,MC,A,2,3-4: WORD MEANINGS:,4,1,1,3,0.135950563,0.031454834,SR MU
243118,44918,MC,A,2,6-4: TEXT STRUCTURES,4,3,1,6,0.527131783,0.253744621,SR SI
243221,44918,MC,A,2,6-4: TEXT STRUCTURES,4,2,1,6,0.132822478,0.263678593,SR MU
242505,44918,MC,D,2,7-4: LANGUAGE USE: D,4,2,1,7,0.505097706,0.493861122,SR SI
242593,44918,MC,C,2,5-4: ANALYSIS WITHIN,4,3,1,5,0.637631654,0.440761933,SR SI
242442,44918,MC,D,2,7-4: LANGUAGE USE: D,4,3,1,7,0.216981132,0.388462109,SR MU
243428,44922,CR,0,3,4-5: REASONING & EVI,5,3,1,4,0.179036229,0.485371784,SHORT
243392,44922,MC,A,2,6-5: TEXT STRUCTURES,5,2,1,6,0.0918197,0.216590805,SR MU
243535,44922,MC,A,2,7-5: LANGUAGE USE: I,5,2,1,7,0.271233726,0.298143775,SR MU
243469,44922,CR,0,3,2-5: CENTRAL IDEAS:,5,3,1,2,0.108866737,0.460743169,SHORT
243409,44922,MC,D,2,1-5: KEY DETAILS: US,5,2,1,1,0.684665871,0.548885649,SR SI
243604,44922,MC,C,2,2-5: CENTRAL IDEAS:,5,2,1,2,0.459026688,0.232189328,SR SI
243476,44922,MC,C,2,7-5: LANGUAGE USE: I,5,2,1,7,0.74767514,0.585574588,SR SI
243606,44922,MC,HT,2,1-5: KEY DETAILS: US,5,2,1,1,0.104185762,0.333175334,HOT T
243361,44922,MC,C,2,4-5: REASONING & EVI,5,3,1,4,0.264177694,0.430620724,EBSR:
242456,44922,MC,A,2,5-5: ANALYSIS WITHIN,5,3,1,5,0.285412262,0.47471163,SR MU
242753,44922,MC,C,2,5-5: ANALYSIS WITHIN,5,3,1,5,0.306584362,0.298217548,SR SI
243410,44924,MC,C,2,1-5: KEY DETAILS: US,5,2,1,1,0.071889977,0.168200849,SR MU
243611,44924,MC,D,2,1-5: KEY DETAILS: US,5,1,1,1,0.359375,0.425654987,SR SI
243481,44924,CR,0,3,2-5: CENTRAL IDEAS:,5,3,1,2,0.275236201,0.608941682,SHORT
243616,44924,MC,B,2,2-5: CENTRAL IDEAS:,5,2,1,2,0.607799853,0.44409853,SR SI
243379,44924,MC,HT,2,3-5: WORD MEANINGS:,5,2,1,3,0.652804033,0.522183611,HOT T
243623,44924,MC,B,2,3-5: WORD MEANINGS:,5,1,1,3,0.835471277,0.514374562,SR SI
243486,44924,MC,B,2,6-5: TEXT STRUCTURES,5,2,1,6,0.119397634,0.265746372,SR MU
243626,44924,MC,C,2,7-5: LANGUAGE USE: I,5,3,1,7,0.302259887,0.181759332,SR SI
243043,44924,CR,0,3,4-5: REASONING & EVI,5,3,1,4,0.132885354,0.481327932,SHORT
242589,44924,MC,D,2,5-5: ANALYSIS WITHIN,5,3,1,5,0.609090909,0.407353359,SR SI
242463,44924,MC,C,2,5-5: ANALYSIS WITHIN,5,3,1,5,0.151428571,0.214252949,EBSR:
244607,44926,MC,HT,2,8-4: KEY DETAILS: US,4,2,2,8,0.183178535,0.420218007,HOT T
244328,44926,MC,D,2,9-4: CENTRAL IDEAS:,4,2,2,9,0.093399751,0.226367894,SR MU
244611,44926,MC,HT,2,9-4: CENTRAL IDEAS:,4,2,2,9,0.124845488,0.308262289,HOT T
244447,44926,MC,D,2,10-4: WORD MEANINGS:,4,2,2,10,0.642230253,0.528959934,SR SI
244614,44926,CR,0,3,11-4: REASONING & EV,4,3,2,11,0.088911089,0.417753071,SHORT
244370,44926,MC,B,2,13-4: TEXT STRUCTURE,4,3,2,13,0.520634921,0.208089141,SR SI
244618,44926,MC,B,2,14-4: LANGUAGE USE:,4,3,2,14,0.5,0.10450239,SR SI
244007,44926,MC,A,2,13-4: TEXT STRUCTURE,4,3,2,13,0.353503185,0.269615784,SR MU
244041,44926,CR,0,3,11-4: REASONING & EV,4,3,2,11,0.088519313,0.348507604,SHORT
242465,44926,MC,D,2,12-4: ANALYSIS WITHI,4,3,2,12,0.013816926,0.060343469,EBSR:
242599,44926,MC,D,2,12-4: ANALYSIS WITHI,4,4,2,12,0.516245487,0.549503045,SR SI
242509,44926,MC,A,2,14-4: LANGUAGE USE:,4,3,2,14,0.040909091,0.184408984,SR MU
244820,44927,MC,C,2,8-4: KEY DETAILS: US,4,2,2,8,0.210904812,0.163374738,SR SI
244763,44927,MC,B,2,13-4: TEXT STRUCTURE,4,2,2,13,0.127668309,0.277744732,SR MU
242466,44927,MC,B,2,12-4: ANALYSIS WITHI,4,3,2,12,0.231905465,0.577746102,EBSR:
244733,44927,MC,HT,2,9-4: CENTRAL IDEAS:,4,2,2,9,0.472910472,0.266906852,HOT T
244851,44927,MC,B,2,9-4: CENTRAL IDEAS:,4,2,2,9,0.132190039,0.197153731,EBSR:
244990,44927,MC,B,2,10-4: WORD MEANINGS:,4,1,2,10,0.191927793,0.200714325,SR MU
244881,44927,MC,HT,2,11-4: REASONING & EV,4,3,2,11,0.125274433,0.378713416,HOT T
244855,44934,MC,B,2,9-4: CENTRAL IDEAS:,4,2,2,9,0.300756187,0.478759343,SR MU
244745,44934,MC,D,2,9-4: CENTRAL IDEAS:,4,2,2,9,0.296776414,0.306714985,SR SI
244863,44934,MC,A,2,10-4: WORD MEANINGS:,4,1,2,10,0.487707261,0.269129587,SR SI
244992,44934,MC,B,2,11-4: REASONING & EV,4,3,2,11,0.203843256,0.307629965,EBSR:
244869,44934,MC,B,2,13-4: TEXT STRUCTURE,4,2,2,13,0.133619764,0.392480859,SR MU
244751,44934,MC,B,2,14-4: LANGUAGE USE:,4,2,2,14,0.681215151,0.545868019,SR SI
242484,44934,MC,A,2,12-4: ANALYSIS WITHI,4,3,2,12,0.695059625,0.553896361,SR SI
243627,44936,MC,C,2,8-4: KEY DETAILS: US,4,1,2,8,0.316045168,0.385915848,SR SI
243363,44936,CR,0,3,11-4: REASONING & EV,4,3,2,11,0.043380649,0.349243204,SHORT
243489,44936,MC,HT,2,10-4: WORD MEANINGS:,4,2,2,10,0.158926289,0.331617699,HOT T
243630,44936,MC,B,2,10-4: WORD MEANINGS:,4,1,2,10,0.450830919,0.274562144,SR SI
243416,44936,CR,0,3,9-4: CENTRAL IDEAS:,4,2,2,9,0.076540284,0.369141139,SHORT
243632,44936,MC,A,2,9-4: CENTRAL IDEAS:,4,2,2,9,0.053752868,0.194063643,EBSR:
243491,44936,MC,D,2,9-4: CENTRAL IDEAS:,4,1,2,9,0.259338062,0.618588127,EBSR:
242712,44936,MC,A,2,12-4: ANALYSIS WITHI,4,3,2,12,0.46,0.1863346,SR SI
242492,44936,MC,A,2,12-4: ANALYSIS WITHI,4,3,2,12,0.028325123,0.0662781,EBSR:
244648,44944,MC,C,2,13-4: TEXT STRUCTURE,4,3,2,13,0.489425982,0.156036086,SR SI
242647,44944,MC,HT,2,12-4: ANALYSIS WITHI,4,3,2,12,0.136986301,0.262552511,HOT T
244947,44944,MC,C,2,8-4: KEY DETAILS: US,4,1,2,8,0.405280222,0.338013479,SR SI
244788,44944,MC,B,2,10-4: WORD MEANINGS:,4,2,2,10,0.199616858,0.431142291,SR MU
244951,44944,MC,B,2,11-4: REASONING & EV,4,3,2,11,0.129065041,0.213108382,EBSR:
242533,44944,MC,A,2,14-4: LANGUAGE USE:,4,2,2,14,0.427978884,0.543627588,SR MU
244532,44945,MC,B,2,8-4: KEY DETAILS: US,4,1,2,8,0.546782609,0.397389576,SR SI
244408,44945,MC,B,2,9-4: CENTRAL IDEAS:,4,2,2,9,0.165389201,0.323448315,EBSR:
244536,44945,MC,B,2,10-4: WORD MEANINGS:,4,1,2,10,0.240563576,0.375113944,SR MU
244352,44945,MC,C,2,11-4: REASONING & EV,4,3,2,11,0.193215052,0.381296389,EBSR:
244540,44945,MC,D,2,13-4: TEXT STRUCTURE,4,3,2,13,0.395121951,0.384285675,SR SI
242651,44945,MC,HT,2,12-4: ANALYSIS WITHI,4,4,2,12,0.089965398,0.096966213,HOT T
242535,44945,MC,A,2,14-4: LANGUAGE USE:,4,3,2,14,0.220689655,0.260567463,SR MU
243594,44946,MC,C,2,9-4: CENTRAL IDEAS:,4,2,2,9,0.165393519,0.471740001,EBSR:
243599,44946,MC,C,2,11-4: REASONING & EV,4,3,2,11,0.304439746,0.515527449,EBSR:
243265,44946,MC,B,2,13-4: TEXT STRUCTURE,4,2,2,13,0.033402923,0.078708909,SR MU
242656,44946,MC,C,2,12-4: ANALYSIS WITHI,4,4,2,12,0.155769231,0.355723001,EBSR:
242538,44946,MC,C,2,14-4: LANGUAGE USE:,4,2,2,14,0.325635937,0.297220992,SR SI
243393,44948,MC,C,2,1-5: KEY DETAILS: US,5,2,1,1,0.245813798,0.334899429,SR MU
243385,44948,MC,D,2,7-5: LANGUAGE USE: I,5,2,1,7,0.625,0.55796606,SR SI
243508,44948,MC,A,2,3-5: WORD MEANINGS:,5,2,1,3,0.539221383,0.457446779,SR SI
243426,44948,MC,C,2,4-5: REASONING & EVI,5,3,1,4,0.100826446,0.285460093,EBSR:
243509,44948,MC,B,2,2-5: CENTRAL IDEAS:,5,2,1,2,0.449050086,0.371926927,SR SI
242544,44948,MC,B,2,5-5: ANALYSIS WITHIN,5,3,1,5,0.299781182,0.479068795,SR MU
243634,44950,MC,A,2,4-4: REASONING & EVA,4,3,1,4,0.168394709,0.208697188,EBSR:
243381,44950,MC,HT,2,3-4: WORD MEANINGS:,4,2,1,3,0.621428571,0.387333726,HOT T
243635,44950,MC,A,2,3-4: WORD MEANINGS:,4,2,1,3,0.758846268,0.467228855,SR SI
243492,44950,CR,0,3,2-4: CENTRAL IDEAS:,4,2,1,2,0.316398129,0.489430952,SHORT
243637,44950,MC,C,2,2-4: CENTRAL IDEAS:,4,2,1,2,0.420204403,0.609875397,EBSR:
243418,44950,MC,C,2,1-4: KEY DETAILS: US,4,3,1,1,0.699828473,0.607793909,SR SI
242714,44950,MC,A,2,7-4: LANGUAGE USE: D,4,1,1,7,0.380451128,0.506354224,SR MU
242565,44950,MC,C,2,7-4: LANGUAGE USE: D,4,2,1,7,0.589464883,0.384348521,SR SI
242716,44950,MC,D,2,5-4: ANALYSIS WITHIN,4,3,1,5,0.193202147,0.473881036,EBSR:
243515,44953,CR,0,3,4-4: REASONING & EVA,4,3,1,4,0.095719051,0.384966673,SHORT
243440,44953,MC,A,2,6-4: TEXT STRUCTURES,4,2,1,6,0.041022035,0.070591607,SR MU
243608,44953,MC,C,2,1-4: KEY DETAILS: US,4,2,1,1,0.63496972,0.549536126,SR SI
243478,44953,CR,0,3,2-4: CENTRAL IDEAS:,4,3,1,2,0.217943706,0.578632635,SHORT
243610,44953,MC,C,2,2-4: CENTRAL IDEAS:,4,2,1,2,0.704752912,0.556832574,SR SI
243411,44953,MC,B,2,3-4: WORD MEANINGS:,4,1,1,3,0.634300899,0.490566651,SR SI
243612,44953,MC,B,2,6-4: TEXT STRUCTURES,4,2,1,6,0.673022599,0.586323834,SR SI
242970,44953,MC,B,2,3-4: WORD MEANINGS:,4,1,1,3,0.312602291,0.550786368,SR MU
242711,44953,MC,A,2,5-4: ANALYSIS WITHIN,4,3,1,5,0.050452166,0.199456213,SR MU
242585,44953,MC,D,2,7-4: LANGUAGE USE: D,4,2,1,7,0.538697499,0.487921624,SR SI
242755,44953,MC,D,2,7-4: LANGUAGE USE: D,4,2,1,7,0.549679867,0.553858954,SR SI
245178,44954,CR,0,3,2-4: CENTRAL IDEAS:,4,3,1,2,0.071748879,0.401925108,SHORT
245180,44954,MC,D,2,3-4: WORD MEANINGS:,4,2,1,3,0.405242355,0.465614416,SR SI
245182,44954,CR,0,3,4-4: REASONING & EVA,4,3,1,4,0.092517007,0.426120008,SHORT
242865,44954,MC,HT,2,4-4: REASONING & EVA,4,3,1,4,0.150724638,0.31895341,HOT T
242587,44954,MC,C,2,5-4: ANALYSIS WITHIN,4,3,1,5,0.236203091,0.019197117,SR SI
243576,44957,CR,0,3,9-4: CENTRAL IDEAS:,4,3,2,9,0.082348799,0.335215131,SHORT
243405,44957,MC,A,2,11-4: REASONING & EV,4,3,2,11,0.068473232,0.033517261,EBSR:
243348,44957,MC,D,2,13-4: TEXT STRUCTURE,4,3,2,13,0.431309904,0.443935202,SR SI
242649,44957,MC,A,2,12-4: ANALYSIS WITHI,4,3,2,12,0.047955975,0.081387242,SR MU
243455,44957,MC,D,2,8-4: KEY DETAILS: US,4,2,2,8,0.212543852,0.20904325,SR SI
244955,44959,MC,D,2,8-5: KEY DETAILS: US,5,2,2,8,0.422487223,0.398183317,SR SI
244959,44959,MC,A,2,9-5: CENTRAL IDEAS:,5,2,2,9,0.068085106,0.250122233,EBSR:
244712,44959,CR,0,3,9-5: CENTRAL IDEAS:,5,3,2,9,0.079830149,0.397521859,SHORT
244963,44959,MC,HT,2,10-5: WORD MEANINGS:,5,2,2,10,0.421052632,0.191440377,HOT T
244796,44959,MC,C,2,10-5: WORD MEANINGS:,5,1,2,10,0.589851202,0.534951913,SR SI
244967,44959,MC,A,2,12-5: ANALYSIS WITHI,5,3,2,12,0.138554217,0.447228399,EBSR:
244671,44959,MC,D,2,13-5: TEXT STRUCTURE,5,2,2,13,0.322326125,0.313922788,SR SI
242660,44959,MC,A,2,14-5: LANGUAGE USE:,5,3,2,14,0.200538358,0.348890996,SR MU
244461,44961,MC,A,2,11-5: REASONING & EV,5,3,2,11,0.109707839,0.015268465,EBSR:
244376,44961,MC,HT,2,8-5: KEY DETAILS: US,5,2,2,8,0.160247593,0.30025669,HOT T
244465,44961,MC,B,2,13-5: TEXT STRUCTURE,5,3,2,13,0.632794457,0.462754693,SR SI
244334,44961,MC,HT,2,8-5: KEY DETAILS: US,5,2,2,8,0.661204606,0.634446668,HOT T
244375,44961,MC,C,2,8-5: KEY DETAILS: US,5,1,2,8,0.411366006,0.268593451,SR SI
244459,44961,MC,D,2,9-5: CENTRAL IDEAS:,5,2,2,9,0.310310848,0.483299439,EBSR:
244309,44961,MC,A,2,10-5: WORD MEANINGS:,5,2,2,10,0.513765695,0.350758398,SR SI
242670,44961,MC,B,2,14-5: LANGUAGE USE:,5,2,2,14,0.493958048,0.243543228,SR SI
243977,44963,MC,A,2,10-5: WORD MEANINGS:,5,2,2,10,0.603556141,0.529323524,SR SI
244156,44963,CR,0,3,11-5: REASONING & EV,5,3,2,11,0.16389074,0.498980223,SHORT
244063,44963,MC,D,2,12-5: ANALYSIS WITHI,5,3,2,12,0.045454546,0.269901737,EBSR:
244157,44963,MC,D,2,12-5: ANALYSIS WITHI,5,4,2,12,0.456790124,0.449825589,SR SI
243701,44963,MC,B,2,11-5: REASONING & EV,5,3,2,11,0.186433955,0.302641576,EBSR:
243891,44963,MC,A,2,13-5: TEXT STRUCTURE,5,3,2,13,0.02293578,0.047786597,SR MU
243769,44963,MC,D,2,13-5: TEXT STRUCTURE,5,3,2,13,0.15720524,0.072637234,SR SI
243923,44963,CR,0,3,9-5: CENTRAL IDEAS:,5,3,2,9,0.155149935,0.397603456,SHORT
242704,44963,MC,C,2,14-5: LANGUAGE USE:,5,2,2,14,0.151235585,0.398595185,SR MU
243537,44993,MC,A,2,1-5: KEY DETAILS: US,5,2,1,1,0.03870825,0.041914164,SR MU
243357,44993,MC,B,2,1-5: KEY DETAILS: US,5,1,1,1,0.218104063,-0.026898898,SR SI
243539,44993,CR,0,3,2-5: CENTRAL IDEAS:,5,3,1,2,0.096404216,0.335902211,SHORT
243442,44993,MC,D,2,2-5: CENTRAL IDEAS:,5,2,1,2,0.298308844,0.409175561,SR SI
243540,44993,MC,B,2,3-5: WORD MEANINGS:,5,1,1,3,0.405807535,0.017259823,SR SI
243394,44993,MC,HT,2,4-5: REASONING & EVI,5,3,1,4,0.199088146,0.420570227,HOT T
243480,44993,CR,0,3,4-5: REASONING & EVI,5,3,1,4,0.160647992,0.439989011,SHORT
243159,44993,MC,HT,2,3-5: WORD MEANINGS:,5,2,1,3,0.667705319,0.425877613,HOT T
243230,44993,MC,C,2,4-5: REASONING & EVI,5,3,1,4,0.251623377,0.370284827,EBSR:
243123,44993,MC,D,2,6-5: TEXT STRUCTURES,5,3,1,6,0.26446281,0.201962655,SR SI
243232,44993,MC,A,2,7-5: LANGUAGE USE: I,5,3,1,7,0.436149312,0.193627437,SR SI
243443,44994,MC,HT,2,1-4: KEY DETAILS: US,4,1,1,1,0.42418837,0.625587114,HOT T
243543,44994,MC,D,2,2-4: CENTRAL IDEAS:,4,2,1,2,0.693181818,0.540306265,SR SI
243349,44994,MC,B,2,3-4: WORD MEANINGS:,4,1,1,3,0.420454546,0.276075703,SR SI
243259,44994,MC,B,2,4-4: REASONING & EVA,4,3,1,4,0.439846589,0.391203513,EBSR:
243175,44994,MC,HT,2,4-4: REASONING & EVA,4,3,1,4,0.138939302,0.31929378,HOT T
243269,44994,MC,C,2,6-4: TEXT STRUCTURES,4,3,1,6,0.170454546,0.230272241,SR MU
243124,44994,MC,C,2,2-4: CENTRAL IDEAS:,4,2,1,2,0.202401978,0.336259742,SR MU
243422,45000,MC,C,2,2-5: CENTRAL IDEAS:,5,2,1,2,0.2673144,0.24913117,SR SI
243365,45000,MC,A,2,4-5: REASONING & EVI,5,3,1,4,0.232825892,0.43459344,EBSR:
243424,45000,MC,D,2,6-5: TEXT STRUCTURES,5,2,1,6,0.283973327,0.289100881,SR SI
243506,45000,MC,C,2,7-5: LANGUAGE USE: I,5,2,1,7,0.621077561,0.471673605,SR SI
243778,45000,MC,HT,2,1-5: KEY DETAILS: US,5,1,1,1,0.226865672,0.395483582,HOT T
243500,45000,MC,C,2,2-5: CENTRAL IDEAS:,5,2,1,2,0.173069608,0.310255963,EBSR:
243502,45000,MC,B,2,3-5: WORD MEANINGS:,5,1,1,3,0.734869432,0.519049619,SR SI
243598,45002,MC,A,2,1-5: KEY DETAILS: US,5,2,1,1,0.302064746,0.002062253,SR SI
243473,45002,MC,A,2,7-5: LANGUAGE USE: I,5,3,1,7,0.091743119,0.224699993,SR MU
243600,45002,MC,A,2,4-5: REASONING & EVI,5,3,1,4,0.629821261,0.58201252,EBSR:
244125,45002,MC,D,2,7-5: LANGUAGE USE: I,5,2,1,7,0.433798938,0.439604581,SR SI
244282,45002,MC,B,2,3-5: WORD MEANINGS:,5,2,1,3,0.428100136,0.436244128,SR MU
243974,45002,MC,A,2,6-5: TEXT STRUCTURES,5,3,1,6,0.255108767,0.358913436,SR MU
243965,45002,MC,D,2,2-5: CENTRAL IDEAS:,5,2,1,2,0.346250629,0.509448313,SR MU
243408,45002,MC,HT,2,1-5: KEY DETAILS: US,5,2,1,1,0.308305477,0.48456787,HOT T
244346,45015,MC,A,2,9-5: CENTRAL IDEAS:,5,2,2,9,0.492013583,0.251378745,SR SI
244203,45015,MC,C,2,9-5: CENTRAL IDEAS:,5,2,2,9,0.532128514,0.561149694,EBSR:
244087,45015,MC,A,2,13-5: TEXT STRUCTURE,5,3,2,13,0.421576764,0.273062113,SR SI
244207,45015,MC,D,2,13-5: TEXT STRUCTURE,5,3,2,13,0.373312153,0.422336348,SR SI
243985,45015,MC,HT,2,10-5: WORD MEANINGS:,5,1,2,10,0.665215814,0.492242317,HOT T
244211,45015,MC,HT,2,11-5: REASONING & EV,5,3,2,11,0.417459191,0.504294479,HOT T
244091,45015,MC,C,2,11-5: REASONING & EV,5,3,2,11,0.214719593,0.35232139,EBSR:
244719,45020,MC,HT,2,8-5: KEY DETAILS: US,5,2,2,8,0.248468941,0.274620386,HOT T
244810,45020,MC,B,2,8-5: KEY DETAILS: US,5,2,2,8,0.325744308,0.079197947,SR SI
244675,45020,MC,A,2,9-5: CENTRAL IDEAS:,5,2,2,9,0.109170306,0.281515473,SR MU
244814,45020,MC,HT,2,10-5: WORD MEANINGS:,5,2,2,10,0.666375546,0.508805407,HOT T
244723,45020,CR,0,3,11-5: REASONING & EV,5,3,2,11,0.196969697,0.485786551,SHORT
244818,45020,MC,C,2,11-5: REASONING & EV,5,3,2,11,0.450897571,0.530250659,EBSR:
244006,45020,CR,0,3,9-5: CENTRAL IDEAS:,5,3,2,9,0.349173554,0.387063082,SHORT
244345,45047,MC,B,2,9-4: CENTRAL IDEAS:,4,2,2,9,0.149782574,0.296173476,SR MU
244512,45047,MC,B,2,9-4: CENTRAL IDEAS:,4,2,2,9,0.529584352,0.345822602,SR SI
244399,45047,MC,HT,2,9-4: CENTRAL IDEAS:,4,2,2,9,0.124046111,0.414275262,HOT T
244514,45047,MC,C,2,11-4: REASONING & EV,4,3,2,11,0.227455582,0.443636819,EBSR:
244301,45047,MC,HT,2,11-4: REASONING & EV,4,3,2,11,0.109465441,0.174737743,HOT T
244516,45047,MC,HT,2,11-4: REASONING & EV,4,3,2,11,0.159793814,0.403354125,HOT T
244799,45082,MC,B,2,8-5: KEY DETAILS: US,5,2,2,8,0.332914716,0.026034019,SR SI
244715,45082,MC,D,2,9-5: CENTRAL IDEAS:,5,2,2,9,0.257352941,0.382680907,EBSR:
244634,45082,MC,A,2,12-5: ANALYSIS WITHI,5,4,2,12,0.092161017,0.263971336,SR MU
244805,45082,MC,D,2,13-5: TEXT STRUCTURE,5,3,2,13,0.456865128,0.569555699,SR SI
244718,45082,MC,D,2,13-5: TEXT STRUCTURE,5,3,2,13,0.449122807,0.48238807,SR SI
244975,45082,MC,B,2,8-5: KEY DETAILS: US,5,1,2,8,0.111952407,0.294389179,SR MU
244979,45082,CR,0,3,9-5: CENTRAL IDEAS:,5,3,2,9,0.043636941,0.145915133,SHORT
244803,45082,MC,HT,2,10-5: WORD MEANINGS:,5,2,2,10,0.791693155,0.51904967,HOT T
244983,45082,MC,HT,2,11-5: REASONING & EV,5,3,2,11,0.235279805,0.32833412,HOT T
244807,45082,MC,C,2,14-5: LANGUAGE USE:,5,2,2,14,0.357898942,0.480611156,SR MU
244940,45082,CR,0,3,11-5: REASONING & EV,5,3,2,11,0.162807986,0.470207882,SHORT
244767,45085,MC,D,2,8-5: KEY DETAILS: US,5,2,2,8,0.434677829,0.495204569,SR SI
244646,45085,MC,B,2,12-5: ANALYSIS WITHI,5,3,2,12,0.63717605,0.37218905,SR SI
244779,45085,MC,C,2,14-5: LANGUAGE USE:,5,3,2,14,0.550561798,0.539784815,SR SI
244907,45085,MC,A,2,11-5: REASONING & EV,5,3,2,11,0.151881517,0.331508866,EBSR:
244901,45085,MC,A,2,8-5: KEY DETAILS: US,5,1,2,8,0.311101549,-0.098572905,SR SI
244909,45085,MC,B,2,9-5: CENTRAL IDEAS:,5,2,2,9,0.244415386,-0.155667365,SR SI
244677,45088,MC,B,2,8-5: KEY DETAILS: US,5,2,2,8,0.37037037,0.181451496,SR SI
244824,45088,MC,D,2,9-5: CENTRAL IDEAS:,5,2,2,9,0.477272727,0.16010972,SR SI
244729,45088,MC,D,2,11-5: REASONING & EV,5,3,2,11,0.452205882,0.149487125,EBSR:
244832,45088,MC,A,2,12-5: ANALYSIS WITHI,5,3,2,12,0.624,0.321305918,SR SI
244654,45088,MC,D,2,13-5: TEXT STRUCTURE,5,2,2,13,0.436567164,0.191206961,SR SI
244839,45088,MC,D,2,14-5: LANGUAGE USE:,5,2,2,14,0.653136531,0.182765116,SR SI
244737,45088,MC,B,2,8-5: KEY DETAILS: US,5,2,2,8,0.378571429,0.40505711,SR MU
244847,45088,MC,C,2,12-5: ANALYSIS WITHI,5,3,2,12,0.755102041,0.361612553,SR SI
244877,45091,MC,C,2,8-5: KEY DETAILS: US,5,2,2,8,0.339853301,0.38619868,SR SI
244692,45091,MC,D,2,9-5: CENTRAL IDEAS:,5,2,2,9,0.573139235,0.39821788,SR SI
244885,45091,MC,D,2,9-5: CENTRAL IDEAS:,5,2,2,9,0.633968478,0.618965361,SR SI
244759,45091,MC,HT,2,12-5: ANALYSIS WITHI,5,3,2,12,0.229381443,0.464355768,HOT T
244893,45091,MC,D,2,13-5: TEXT STRUCTURE,5,2,2,13,0.48745838,0.453897329,SR SI
244661,45091,MC,C,2,14-5: LANGUAGE USE:,5,2,2,14,0.76432231,0.533117733,SR SI
244768,45091,MC,D,2,11-5: REASONING & EV,5,3,2,11,0.238745211,0.442568682,EBSR:
246147,45274,MC,D,2,12-4: ANALYSIS WITHI,4,4,2,12,0.244239631,0.259874808,EBSR:
246027,45274,MC,B,2,13-4: TEXT STRUCTURE,4,3,2,13,0.446640316,0.250514609,SR SI
246149,45274,MC,B,2,13-4: TEXT STRUCTURE,4,3,2,13,0,NA,SR MU
246123,45274,MC,D,2,10-4: WORD MEANINGS:,4,2,2,10,0.075837743,-0.028423602,SR SI
246140,45274,MC,C,2,8-4: KEY DETAILS: US,4,2,2,8,0.256475368,0.456720053,SR MU
246144,45274,CR,0,3,9-4: CENTRAL IDEAS:,4,3,2,9,0.104944118,0.308163786,SHORT
245963,45274,MC,A,2,11-4: REASONING & EV,4,3,2,11,0.315224064,0.481104279,EBSR:
246241,45274,MC,B,2,10-4: WORD MEANINGS:,4,2,2,10,0.319267214,0.430961681,SR MU
246388,45298,MC,B,2,8-4: KEY DETAILS: US,4,1,2,8,0.199104235,-0.23645138,SR MU
246561,45298,MC,B,2,8-4: KEY DETAILS: US,4,2,2,8,0.146301594,0.293984695,SR MU
246279,45298,CR,0,3,9-4: CENTRAL IDEAS:,4,3,2,9,0.135044643,0.406680063,SHORT
246412,45298,MC,HT,2,10-4: WORD MEANINGS:,4,2,2,10,0.638549307,0.550020211,HOT T
246327,45298,CR,0,3,11-4: REASONING & EV,4,3,2,11,0.04427925,0.336413172,SHORT
246423,45298,MC,A,2,12-4: ANALYSIS WITHI,4,3,2,12,0.133606557,0.213855798,SR MU
246286,45298,MC,B,2,14-4: LANGUAGE USE:,4,3,2,14,0.457792208,0.29532144,SR SI
246438,45298,MC,C,2,14-4: LANGUAGE USE:,4,3,2,14,0.006535948,0.068297018,SR MU