ID,STID,TYPE,KEY,NLEVELS,CONTENTNAME,GRADE,DOK,CONTENT,SUBCONTENT,PVAL,PBIS,FORMAT
10001,1001,MC,C,2,5-7: STATISTICS,7,2,1,5,0.476706392,0.429859461,SR SI
10002,1001,MC,D,2,4-7: CALCULUS,7,2,1,4,0.308905852,0.229632436,SR SI
10003,1001,MC,C,2,14-7: CODING,7,2,1,14,0.285239085,0.156344195,SR SI
10004,1001,MC,B,2,10-7: TRIGNOMETRY,7,3,1,10,0.225180255,0.232875964,EBSR:
10005,1001,MC,HT,2,7-7: CODING,7,4,1,7,0.371937639,0.420637728,HOT T
10006,1001,MC,D,2,6-7: PROBABILITY,7,2,1,6,0.470187394,0.368295904,SR SI
10007,1001,MC,C,2,10-7: TRIGNOMETRY,7,3,1,10,0.43902439,0.426646751,EBSR:
10008,1002,MC,B,2,5-7: STATISTICS,7,3,1,5,0.011235955,0.243550379,EBSR:
10009,1002,CR,0,3,14-7: CODING,7,3,1,14,0.074002883,0.39301812,SHORT
10010,1002,MC,A,2,6-7: PROBABILITY,7,2,1,6,0.302890173,0.374408802,SR MU
10011,1002,MC,C,2,5-7: STATISTICS,7,2,1,5,0.440840975,0.373084552,SR SI
10012,1002,MC,HT,2,4-7: CALCULUS,7,2,1,4,0.685343228,0.562927921,HOT T
10013,1002,MC,B,2,4-7: CALCULUS,7,2,1,4,0.660208644,0.30872501,SR SI
10014,1002,MC,C,2,6-7: PROBABILITY,7,2,1,6,0.344191097,0.093590994,SR SI
10015,1002,MC,A,2,5-7: STATISTICS,7,3,1,5,0.223809524,0.36011986,SR MU
10016,1002,MC,B,2,13-7: PROBABILITY,7,2,1,13,0.626361656,0.491959137,SR SI
10017,1002,MC,B,2,13-7: PROBABILITY,7,2,1,13,0.033771107,0.099937186,SR MU
10018,1002,MC,A,2,14-7: CODING,7,2,1,14,0.283437014,0.43687091,SR MU
10019,1003,MC,A,2,14-6: CODING,6,2,1,14,0.788439527,0.5107033,SR SI
10020,1003,MC,A,2,6-6: PROBABILITY,6,2,1,6,0.2172362,0.411173561,SR MU
10021,1003,MC,D,2,10-6: TRIGNOMETRY,6,3,1,10,0.401874311,0.468804892,EBSR:
10022,1003,MC,B,2,13-6: PROBABILITY,6,2,1,13,0.12256006,0.321984422,SR MU
10023,1003,MC,C,2,5-6: STATISTICS,6,3,1,5,0.676271186,0.494962216,SR SI
10024,1003,MC,A,2,7-6: CODING,6,3,1,7,0.258241758,0.436608235,SR MU
10025,1003,MC,HT,2,4-6: CALCULUS,6,2,1,4,0.409858512,0.33370133,HOT T
10026,1003,MC,A,2,7-6: CODING,6,3,1,7,0.300917431,0.211844828,SR SI
10027,1003,MC,D,2,4-6: CALCULUS,6,2,1,4,0.727770178,0.552525076,SR SI
10028,1003,MC,C,2,5-6: STATISTICS,6,3,1,5,0.12231405,0.332084337,SR MU
10029,1003,MC,D,2,4-6: CALCULUS,6,2,1,4,0.226548673,0.087249429,SR SI
10030,1003,CR,0,3,14-6: CODING,6,3,1,14,0.102323009,0.39691876,SHORT
10031,1004,MC,B,2,6-6: PROBABILITY,6,2,1,6,0.279874214,0.514090018,SR MU
10032,1004,MC,B,2,10-6: TRIGNOMETRY,6,3,1,10,0.269196257,0.463041139,EBSR:
10033,1004,MC,A,2,10-6: TRIGNOMETRY,6,3,1,10,0.417498686,0.567568572,EBSR:
10034,1004,MC,HT,2,13-6: PROBABILITY,6,2,1,13,0.375119226,0.517248249,HOT T
10035,1004,MC,C,2,7-6: CODING,6,3,1,7,0.095121951,0.20315935,EBSR:
10036,1004,MC,HT,2,14-6: CODING,6,2,1,14,0.42350886,0.418332401,HOT T
10037,1004,MC,B,2,14-6: CODING,6,2,1,14,0.663591636,0.484236152,SR SI
10038,1005,MC,B,2,5-7: STATISTICS,7,3,1,5,0.028571429,-0.053287161,SR MU
10039,1005,MC,D,2,5-7: STATISTICS,7,2,1,5,0.207228916,0.142570432,SR SI
10040,1005,CR,0,3,10-7: TRIGNOMETRY,7,3,1,10,0.119210327,0.486142547,SHORT
10041,1005,CR,0,3,14-7: CODING,7,3,1,14,0.062672176,0.321444399,SHORT
10042,1005,MC,A,2,4-7: CALCULUS,7,2,1,4,0.244692144,0.34554904,SR MU
10043,1005,MC,E,2,6-7: PROBABILITY,7,2,1,6,0.116096467,0.282291933,SR MU
10044,1005,MC,C,2,4-7: CALCULUS,7,2,1,4,0.671966084,0.537566424,SR SI
10045,1005,MC,A,2,6-7: PROBABILITY,7,2,1,6,0.355197332,-0.059121463,SR SI
10046,1005,MC,A,2,10-7: TRIGNOMETRY,7,3,1,10,0.172239108,0.271513402,EBSR:
10047,1006,MC,HT,2,10-7: TRIGNOMETRY,7,3,1,10,0.281528507,0.409709681,HOT T
10048,1006,MC,D,2,5-7: STATISTICS,7,3,1,5,0.140350877,0.180570663,SR MU
10049,1006,MC,A,2,6-7: PROBABILITY,7,2,1,6,0.670535041,0.260244249,SR SI
10050,1006,MC,A,2,7-7: CODING,7,3,1,7,0.175675676,0.412020655,SR MU
10051,1006,MC,C,2,14-7: CODING,7,2,1,14,0.578086489,0.342364489,SR SI
10052,1007,MC,B,2,10-6: TRIGNOMETRY,6,3,1,10,0.262483131,0.448304955,EBSR:
10053,1007,MC,D,2,5-6: STATISTICS,6,3,1,5,0.01978691,0.113989955,SR MU
10054,1007,MC,D,2,5-6: STATISTICS,6,3,1,5,0.373611111,0.345915375,SR SI
10055,1007,CR,0,3,14-6: CODING,6,3,1,14,0.049274744,0.306352906,SHORT
10056,1007,MC,HT,2,13-6: PROBABILITY,6,1,1,13,0.567311923,0.355766313,HOT T
10057,1007,MC,HT,2,14-6: CODING,6,2,1,14,0.018857304,0.135386483,HOT T
10058,1007,MC,C,2,4-6: CALCULUS,6,1,1,4,0.544640859,0.48532654,SR SI
10059,1007,MC,C,2,7-6: CODING,6,4,1,7,0.180740741,0.355847529,EBSR:
10060,1007,MC,B,2,7-6: CODING,6,4,1,7,0.241773963,0.406845362,SR MU
10061,1007,MC,B,2,6-6: PROBABILITY,6,2,1,6,0.652162752,0.34950372,SR SI
10062,1007,CR,0,3,10-6: TRIGNOMETRY,6,3,1,10,0.074026686,0.312785793,SHORT
10063,1008,MC,D,2,13-7: PROBABILITY,7,2,1,13,0.160629582,-0.135926295,SR SI
10064,1008,MC,C,2,14-7: CODING,7,2,1,14,0.49296341,0.530357019,EBSR:
10065,1008,MC,E,2,5-7: STATISTICS,7,2,1,5,0.034414295,0.155419817,SR MU
10066,1008,MC,C,2,7-7: CODING,7,3,1,7,0.290806754,0.547460407,SR MU
10067,1008,MC,B,2,4-7: CALCULUS,7,2,1,4,0.396336207,0.247670106,SR SI
10068,1008,CR,0,3,14-7: CODING,7,3,1,14,0.108225108,0.39440517,SHORT
10069,1008,MC,HT,2,7-7: CODING,7,3,1,7,0.046904315,0.137398838,HOT T
10070,1008,CR,0,3,10-7: TRIGNOMETRY,7,3,1,10,0.28813237,0.607356403,SHORT
10071,1008,MC,C,2,6-7: PROBABILITY,7,2,1,6,0.309852876,0.41992893,SR MU
10072,1008,MC,C,2,6-7: PROBABILITY,7,3,1,6,0.461904762,0.336346615,SR SI
10073,1008,MC,B,2,5-7: STATISTICS,7,2,1,5,0.807422267,0.491873613,SR SI
10074,1009,MC,HT,2,3-6: TRIGNOMETRY,6,4,2,3,0.184184184,0.306331074,HOT T
10075,1009,MC,HT,2,8-6: ALGEBRA,6,1,2,8,0.317936615,0.299663795,HOT T
10076,1009,MC,B,2,3-6: TRIGNOMETRY,6,4,2,3,0.490134995,0.456869077,SR MU
10077,1009,MC,D,2,11-6: CALCULUS,6,3,2,11,0.423076923,0.346460467,SR SI
10078,1009,MC,E,2,9-6: GEOMETRY,6,3,2,9,0.21381579,0.425569205,SR MU
10079,1009,MC,HT,2,8-6: ALGEBRA,6,2,2,8,0.456875,0.404644307,HOT T
10080,1009,MC,C,2,12-6: STATISTICS,6,2,2,12,0.340425532,0.347289243,SR SI
10081,1009,MC,B,2,11-6: CALCULUS,6,3,2,11,0.549190536,0.506022937,SR SI
10082,1009,MC,A,2,11-6: CALCULUS,6,3,2,11,0.12042503,0.327151169,SR MU
10083,1009,CR,0,3,2-6: GEOMETRY,6,3,2,2,0.129654554,0.437573954,SHORT
10084,1009,MC,D,2,3-6: TRIGNOMETRY,6,3,2,3,0.024169184,0.202770311,EBSR:
10085,1010,CR,0,3,12-7: STATISTICS,7,3,2,12,0.074458484,0.333338189,SHORT
10086,1010,CR,0,3,2-7: GEOMETRY,7,3,2,2,0.114610222,0.478555346,SHORT
10087,1010,MC,B,2,3-7: TRIGNOMETRY,7,4,2,3,0.52728513,0.424203023,SR SI
10088,1010,MC,C,2,3-7: TRIGNOMETRY,7,4,2,3,0.212363636,0.407482946,SR MU
10089,1010,MC,E,2,9-7: GEOMETRY,7,3,2,9,0.125,0.340356338,SR MU
10090,1010,MC,D,2,11-7: CALCULUS,7,2,2,11,0.211710622,0.346434158,SR MU
10091,1010,MC,C,2,1-7: ALGEBRA,7,1,2,1,0.25453629,0.481337295,SR MU
10092,1010,MC,C,2,9-7: GEOMETRY,7,2,2,9,0.637569327,0.463498702,SR SI
10093,1010,MC,HT,2,1-7: ALGEBRA,7,2,2,1,0.100821509,0.087001132,HOT T
10094,1010,MC,C,2,11-7: CALCULUS,7,3,2,11,0.432432432,0.306966382,SR SI
10095,1010,MC,HT,2,2-7: GEOMETRY,7,3,2,2,0.205408886,0.456176833,HOT T
10096,1011,MC,C,2,4-7: CALCULUS,7,2,1,4,0.821445221,0.519315021,SR SI
10097,1011,MC,A,2,13-7: PROBABILITY,7,2,1,13,0.773296245,0.515857637,SR SI
10098,1011,CR,0,3,10-7: TRIGNOMETRY,7,3,1,10,0.325858779,0.559509916,SHORT
10099,1011,MC,B,2,6-7: PROBABILITY,7,3,1,6,0.495454546,0.313445543,SR SI
10100,1011,MC,B,2,5-7: STATISTICS,7,2,1,5,0.68956554,0.472379542,SR SI
10101,1011,MC,HT,2,7-7: CODING,7,3,1,7,0.340388007,0.510751038,HOT T
10102,1011,MC,HT,2,10-7: TRIGNOMETRY,7,3,1,10,0.312107248,0.426595157,HOT T
10103,1011,MC,HT,2,13-7: PROBABILITY,7,2,1,13,0.396663577,0.469139452,HOT T
10104,1011,MC,B,2,5-7: STATISTICS,7,3,1,5,0.494949495,0.232962718,SR SI
10105,1011,CR,0,3,14-7: CODING,7,2,1,14,0.212828771,0.33802261,SHORT
10106,1011,MC,A,2,4-7: CALCULUS,7,2,1,4,0.750349977,0.497978562,SR SI
10107,1012,MC,A,2,2-6: GEOMETRY,6,3,2,2,0.428429424,0.414397617,EBSR:
10108,1012,MC,A,2,9-6: GEOMETRY,6,2,2,9,0.057573074,0.244765189,SR MU
10109,1012,MC,C,2,8-6: ALGEBRA,6,1,2,8,0.481236203,0.346425157,SR SI
10110,1012,MC,B,2,3-6: TRIGNOMETRY,6,3,2,3,0.119818653,0.324046289,EBSR:
10111,1012,CR,0,3,12-6: STATISTICS,6,3,2,12,0.094368341,0.414665435,SHORT
10112,1012,MC,B,2,9-6: GEOMETRY,6,3,2,9,0.598630137,0.406874022,SR SI
10113,1012,MC,D,2,11-6: CALCULUS,6,3,2,11,0.495584416,0.508887752,SR SI
10114,1012,CR,0,3,2-6: GEOMETRY,6,3,2,2,0.042866283,0.324977458,SHORT
10115,1013,MC,HT,2,4-6: CALCULUS,6,2,1,4,0.475101785,0.588342513,HOT T
10116,1013,MC,B,2,5-6: STATISTICS,6,2,1,5,0.403260289,0.261988379,SR SI
10117,1013,CR,0,3,10-6: TRIGNOMETRY,6,3,1,10,0.110172384,0.398999067,SHORT
10118,1013,MC,D,2,14-6: CODING,6,2,1,14,0.849863512,0.521368058,SR SI
10119,1013,MC,HT,2,10-6: TRIGNOMETRY,6,3,1,10,0.205389658,0.50600339,HOT T
10120,1013,MC,D,2,7-6: CODING,6,3,1,7,0.680144218,0.546266623,SR SI
10121,1013,MC,B,2,6-6: PROBABILITY,6,2,1,6,0.704584775,0.509279047,SR SI
10122,1013,CR,0,3,14-6: CODING,6,3,1,14,0.073736537,0.371204165,SHORT
10123,1013,MC,B,2,6-6: PROBABILITY,6,2,1,6,0.395971716,0.232667613,SR SI
10124,1013,MC,A,2,5-6: STATISTICS,6,3,1,5,0.273121387,0.066982905,SR SI
10125,1013,MC,D,2,4-6: CALCULUS,6,1,1,4,0.566340607,0.63631204,SR SI
10126,1014,MC,A,2,4-6: CALCULUS,6,2,1,4,0.64448052,0.405590212,SR SI
10127,1014,MC,B,2,14-6: CODING,6,2,1,14,0.570110701,0.392305563,SR SI
10128,1014,MC,D,2,13-6: PROBABILITY,6,2,1,13,0.554455446,0.453601422,SR SI
10129,1014,MC,B,2,6-6: PROBABILITY,6,2,1,6,0.6241033,0.19633933,SR SI
10130,1014,MC,HT,2,14-6: CODING,6,2,1,14,0.541818182,0.504598859,HOT T
10131,1014,MC,B,2,5-6: STATISTICS,6,2,1,5,0.421917808,0.325672768,SR SI
10132,1015,MC,HT,2,10-6: TRIGNOMETRY,6,3,1,10,0.149876684,0.375865046,HOT T
10133,1015,MC,HT,2,13-6: PROBABILITY,6,2,1,13,0.411786929,0.42661285,HOT T
10134,1015,MC,A,2,4-6: CALCULUS,6,1,1,4,0.657173371,0.567026429,SR SI
10135,1015,MC,D,2,5-6: STATISTICS,6,2,1,5,0.467080317,0.470105417,SR SI
10136,1015,MC,A,2,7-6: CODING,6,3,1,7,0.455670103,0.255891743,SR SI
10137,1015,MC,D,2,14-6: CODING,6,2,1,14,0.383535194,0.260098457,SR SI
10138,1015,MC,B,2,10-6: TRIGNOMETRY,6,3,1,10,0.249340369,0.365983347,EBSR:
10139,1015,MC,B,2,14-6: CODING,6,2,1,14,0.110080504,0.273458907,EBSR:
10140,1016,CR,0,3,12-7: STATISTICS,7,3,2,12,0.098898348,0.459876941,SHORT
10141,1016,MC,B,2,1-7: ALGEBRA,7,1,2,1,0.354986877,0.178350741,SR SI
10142,1016,MC,B,2,8-7: ALGEBRA,7,1,2,8,0.127734033,0.268004653,SR MU
10143,1016,MC,E,2,12-7: STATISTICS,7,2,2,12,0.056810704,0.166018575,SR MU
10144,1016,CR,0,3,2-7: GEOMETRY,7,3,2,2,0.055179283,0.326594402,SHORT
10145,1016,MC,B,2,9-7: GEOMETRY,7,3,2,9,0.009204471,0.024943081,SR MU
10146,1016,MC,B,2,11-7: CALCULUS,7,3,2,11,0.140453548,0.396294671,SR MU
10147,1016,MC,C,2,9-7: GEOMETRY,7,3,2,9,0.366601435,0.28374697,SR SI
10148,1016,MC,D,2,3-7: TRIGNOMETRY,7,4,2,3,0.131730769,0.359737873,EBSR:
10149,1016,MC,B,2,11-7: CALCULUS,7,3,2,11,0.576696165,0.466275106,SR SI
10150,1017,MC,A,2,5-6: STATISTICS,6,3,1,5,0.107623318,0.272048851,SR MU
10151,1017,MC,A,2,4-6: CALCULUS,6,2,1,4,0.463731866,0.509550214,SR MU
10152,1017,MC,C,2,6-6: PROBABILITY,6,3,1,6,0.272727273,-0.021399954,SR SI
10153,1017,MC,A,2,5-6: STATISTICS,6,3,1,5,0.620087336,0.402010499,SR SI
10154,1017,MC,HT,2,10-6: TRIGNOMETRY,6,3,1,10,0.277777778,0.447359156,HOT T
10155,1017,MC,HT,2,7-6: CODING,6,4,1,7,0.004889976,-0.02703097,HOT T
10156,1017,MC,B,2,13-6: PROBABILITY,6,1,1,13,0.645938375,0.495652252,SR SI
10157,1017,MC,D,2,13-6: PROBABILITY,6,2,1,13,0.207433451,0.437104603,SR MU
10158,1017,MC,B,2,14-6: CODING,6,2,1,14,0.483870968,0.640235606,EBSR:
10159,1017,CR,0,3,10-6: TRIGNOMETRY,6,3,1,10,0.14893617,0.500318858,SHORT
10160,1017,CR,0,3,14-6: CODING,6,3,1,14,0.134366925,0.436643861,SHORT
10161,1018,MC,C,2,1-7: ALGEBRA,7,2,2,1,0.341071638,0.41782995,SR SI
10162,1018,MC,B,2,12-7: STATISTICS,7,2,2,12,0.110899046,0.008877789,SR MU
10163,1018,MC,A,2,12-7: STATISTICS,7,2,2,12,0.188434896,0.300628685,SR MU
10164,1018,MC,HT,2,3-7: TRIGNOMETRY,7,4,2,3,0.08135169,0.341435628,HOT T
10165,1018,MC,D,2,8-7: ALGEBRA,7,2,2,8,0.396651982,0.438117203,SR MU
10166,1018,MC,C,2,2-7: GEOMETRY,7,3,2,2,0.295663412,0.489259434,EBSR:
10167,1018,MC,B,2,9-7: GEOMETRY,7,3,2,9,0.053050398,0.107191622,SR MU
10168,1018,MC,D,2,11-7: CALCULUS,7,2,2,11,0.46400187,0.515638424,SR SI
10169,1018,CR,0,3,2-7: GEOMETRY,7,3,2,2,0.065100087,0.395365552,SHORT
10170,1018,MC,C,2,8-7: ALGEBRA,7,2,2,8,0.658806717,0.441250709,SR SI
10171,1018,CR,0,3,2-7: GEOMETRY,7,3,2,2,0.093104063,0.417213014,SHORT
10172,1019,MC,HT,2,10-7: TRIGNOMETRY,7,3,1,10,0.129299289,0.344138407,HOT T
10173,1019,MC,HT,2,13-7: PROBABILITY,7,2,1,13,0.375,0.335613461,HOT T
10174,1019,MC,B,2,14-7: CODING,7,2,1,14,0.379220214,0.232958549,SR SI
10175,1019,MC,D,2,14-7: CODING,7,2,1,14,0.441202282,0.434080851,SR SI
10176,1019,MC,D,2,5-7: STATISTICS,7,2,1,5,0.304828389,0.421770917,SR MU
10177,1019,MC,D,2,10-7: TRIGNOMETRY,7,3,1,10,0.347900895,0.537429272,EBSR:
10178,1019,MC,D,2,6-7: PROBABILITY,7,2,1,6,0.613445378,0.525275739,SR SI
10179,1019,MC,C,2,4-7: CALCULUS,7,2,1,4,0.746183206,0.419768054,SR SI
10180,1019,MC,B,2,7-7: CODING,7,3,1,7,0.466549296,0.270994094,SR MU
10181,1020,MC,A,2,1-7: ALGEBRA,7,1,2,1,0.392130258,0.241733921,SR SI
10182,1020,MC,B,2,2-7: GEOMETRY,7,3,2,2,0.14848144,0.302097329,EBSR:
10183,1020,MC,B,2,9-7: GEOMETRY,7,2,2,9,0.217102348,-0.143365473,SR SI
10184,1020,MC,D,2,12-7: STATISTICS,7,2,2,12,0.438786566,0.582661316,EBSR:
10185,1020,MC,HT,2,2-7: GEOMETRY,7,3,2,2,0.126582279,0.346682595,HOT T
10186,1020,MC,D,2,2-7: GEOMETRY,7,3,2,2,0.256719693,0.472490317,EBSR:
10187,1020,MC,A,2,11-7: CALCULUS,7,2,2,11,0.149977548,0.264969893,SR MU
10188,1021,MC,B,2,11-7: CALCULUS,7,3,2,11,0.06056338,0.087693339,SR MU
10189,1021,MC,A,2,3-7: TRIGNOMETRY,7,4,2,3,0.067474048,0.128613131,SR MU
10190,1021,MC,HT,2,1-7: ALGEBRA,7,2,2,1,0.313854235,0.485851795,HOT T
10191,1021,MC,D,2,2-7: GEOMETRY,7,3,2,2,0.209564423,0.451129866,EBSR:
10192,1021,MC,HT,2,8-7: ALGEBRA,7,1,2,8,0.69043152,0.593550133,HOT T
10193,1021,MC,A,2,3-7: TRIGNOMETRY,7,3,2,3,0.20683112,0.33066669,EBSR:
10194,1021,MC,B,2,9-7: GEOMETRY,7,3,2,9,0.489001692,0.297930379,SR SI
10195,1021,MC,C,2,12-7: STATISTICS,7,2,2,12,0.43266391,0.295170626,SR SI
10196,1022,MC,A,2,5-7: STATISTICS,7,2,1,5,0.140214216,0.331228884,SR MU
10197,1022,MC,A,2,5-7: STATISTICS,7,2,1,5,0.106467662,0.044960054,SR MU
10198,1022,MC,A,2,10-7: TRIGNOMETRY,7,3,1,10,0.283010157,0.42252408,EBSR:
10199,1022,MC,D,2,14-7: CODING,7,2,1,14,0.679558011,0.508272446,SR SI
10200,1022,MC,B,2,14-7: CODING,7,2,1,14,0.622442244,0.645877622,EBSR:
10201,1022,MC,B,2,7-7: CODING,7,3,1,7,0.84063745,0.402693909,SR SI
10202,1023,MC,A,2,10-6: TRIGNOMETRY,6,3,1,10,0.246274668,0.384699597,EBSR:
10203,1023,MC,A,2,6-6: PROBABILITY,6,3,1,6,0.259423503,-0.083425376,SR SI
10204,1023,MC,B,2,14-6: CODING,6,2,1,14,0.560953462,0.503907854,SR SI
10205,1023,MC,C,2,13-6: PROBABILITY,6,1,1,13,0.378993905,0.602538346,SR MU
10206,1023,MC,D,2,4-6: CALCULUS,6,1,1,4,0.296024259,0.266533868,SR SI
10207,1023,MC,A,2,14-6: CODING,6,2,1,14,0.124860647,0.273383675,SR MU
10208,1024,MC,C,2,6-7: PROBABILITY,7,2,1,6,0.195505075,-0.016321132,SR SI
10209,1024,MC,A,2,7-7: CODING,7,3,1,7,0.25,0.32216043,SR MU
10210,1024,MC,C,2,10-7: TRIGNOMETRY,7,3,1,10,0.455329637,0.530435577,EBSR:
10211,1024,MC,D,2,14-7: CODING,7,2,1,14,0.223203769,0.386726371,EBSR:
10212,1024,MC,B,2,5-7: STATISTICS,7,2,1,5,0.655643958,0.496157296,SR SI
10213,1024,MC,D,2,4-7: CALCULUS,7,1,1,4,0.646363972,0.556576552,SR SI
10214,1025,MC,HT,2,10-7: TRIGNOMETRY,7,3,1,10,0.401577446,0.546240106,HOT T
10215,1025,MC,HT,2,14-7: CODING,7,2,1,14,0.498538487,0.283475197,HOT T
10216,1025,MC,D,2,5-7: STATISTICS,7,2,1,5,0.147793363,0.329015301,SR MU
10217,1025,MC,C,2,14-7: CODING,7,2,1,14,0.510381458,0.390990955,SR SI
10218,1025,MC,D,2,6-7: PROBABILITY,7,2,1,6,0.523463078,0.417702775,SR SI
10219,1025,MC,D,2,4-7: CALCULUS,7,1,1,4,0.689804052,0.236471608,SR SI
10220,1025,MC,C,2,10-7: TRIGNOMETRY,7,3,1,10,0.44372442,0.570257358,EBSR:
10221,1025,MC,B,2,7-7: CODING,7,3,1,7,0.722222222,0.393293709,SR SI
10222,1025,MC,A,2,13-7: PROBABILITY,7,1,1,13,0.576301616,0.415627795,SR SI
10223,1026,MC,D,2,14-7: CODING,7,2,1,14,0.27965021,0.147238909,SR SI
10224,1026,MC,B,2,10-7: TRIGNOMETRY,7,3,1,10,0.417158516,0.477724192,EBSR:
10225,1026,MC,C,2,10-7: TRIGNOMETRY,7,3,1,10,0.577310924,0.575694653,EBSR:
10226,1026,MC,HT,2,14-7: CODING,7,2,1,14,0.279759738,0.134278067,SR SI
10227,1026,MC,B,2,7-7: CODING,7,3,1,7,0.228205128,-0.119486395,SR SI
10228,1026,MC,C,2,13-7: PROBABILITY,7,2,1,13,0.313059034,0.101653505,SR SI
10229,1026,MC,C,2,5-7: STATISTICS,7,3,1,5,0.421052632,0.202413922,SR SI
10230,1026,MC,HT,2,4-7: CALCULUS,7,2,1,4,0.560477002,0.44087205,HOT T
10231,1027,MC,HT,2,13-6: PROBABILITY,6,2,1,13,0.05468259,0.181832068,HOT T
10232,1027,MC,A,2,13-6: PROBABILITY,6,2,1,13,0.470864662,0.358158447,SR SI
10233,1027,MC,C,2,6-6: PROBABILITY,6,2,1,6,0.145958987,0.426205942,SR MU
10234,1027,MC,HT,2,4-6: CALCULUS,6,2,1,4,0.541691662,0.416082132,HOT T
10235,1027,MC,C,2,14-6: CODING,6,2,1,14,0.39245895,0.359058249,SR SI
10236,1027,MC,A,2,5-6: STATISTICS,6,2,1,5,0.40295858,0.119613166,SR SI
10237,1027,MC,B,2,6-6: PROBABILITY,6,3,1,6,0.341269841,0.497109881,SR MU
10238,1027,CR,0,3,10-6: TRIGNOMETRY,6,3,1,10,0.143274221,0.341814387,SHORT
10239,1027,CR,0,3,14-6: CODING,6,3,1,14,0.123381569,0.487547596,SHORT
10240,1027,MC,A,2,10-6: TRIGNOMETRY,6,3,1,10,0.270758123,0.332861867,EBSR:
10241,1027,MC,A,2,6-6: PROBABILITY,6,3,1,6,0.476923077,0.295548564,SR SI
10242,1028,MC,C,2,12-7: STATISTICS,7,2,2,12,0.479264214,0.366397764,SR SI
10243,1028,MC,B,2,11-7: CALCULUS,7,2,2,11,0.154646325,0.329034919,SR MU
10244,1028,MC,HT,2,12-7: STATISTICS,7,2,2,12,0.366778524,0.50822545,HOT T
10245,1028,MC,C,2,2-7: GEOMETRY,7,3,2,2,0.217132734,0.375391852,EBSR:
10246,1028,MC,B,2,3-7: TRIGNOMETRY,7,4,2,3,0.10923277,0.255176666,SR MU
10247,1028,MC,D,2,11-7: CALCULUS,7,2,2,11,0.425989086,0.495640411,SR SI
10248,1028,MC,C,2,2-7: GEOMETRY,7,3,2,2,0.327496511,0.370354854,EBSR:
10249,1029,MC,D,2,4-6: CALCULUS,6,2,1,4,0.783060109,0.57225447,SR SI
10250,1029,MC,HT,2,7-6: CODING,6,3,1,7,0.001576044,-0.004364976,HOT T
10251,1029,MC,B,2,10-6: TRIGNOMETRY,6,3,1,10,0.269640479,0.420696826,EBSR:
10252,1029,MC,D,2,14-6: CODING,6,2,1,14,0.20078534,0.169173164,SR SI
10253,1029,MC,D,2,10-6: TRIGNOMETRY,6,3,1,10,0.18839885,0.416593425,EBSR:
10254,1030,MC,HT,2,14-6: CODING,6,2,1,14,0.423026531,0.52415774,HOT T
10255,1030,MC,B,2,14-6: CODING,6,2,1,14,0.340079628,0.23444731,SR SI
10256,1030,MC,B,2,7-6: CODING,6,3,1,7,0.421875,0.205834356,SR SI
10257,1030,MC,C,2,4-6: CALCULUS,6,1,1,4,0.575451066,0.49664896,SR SI
10258,1030,MC,A,2,5-6: STATISTICS,6,2,1,5,0.011111111,0.059487162,SR MU
10259,1030,MC,A,2,6-6: PROBABILITY,6,2,1,6,0.609219858,0.366167457,SR SI
10260,1030,MC,C,2,13-6: PROBABILITY,6,1,1,13,0.436862555,0.442771147,SR SI
10261,1030,MC,B,2,10-6: TRIGNOMETRY,6,3,1,10,0.151296068,0.253041298,EBSR:
10262,1031,MC,D,2,9-6: GEOMETRY,6,3,2,9,0.36,0.294838417,SR SI
10263,1031,MC,HT,2,1-6: ALGEBRA,6,2,2,1,0.172876304,0.399425611,HOT T
10264,1031,MC,C,2,3-6: TRIGNOMETRY,6,4,2,3,0.53638814,0.288359578,SR SI
10265,1031,MC,A,2,3-6: TRIGNOMETRY,6,4,2,3,0.125,0.269861351,EBSR:
10266,1031,MC,B,2,9-6: GEOMETRY,6,3,2,9,0.254355401,0.187497009,SR MU
10267,1031,MC,A,2,11-6: CALCULUS,6,2,2,11,0.013412817,0.091257943,SR MU
10268,1031,CR,0,3,2-6: GEOMETRY,6,3,2,2,0.102669405,0.385473847,SHORT
10269,1032,MC,A,2,4-6: CALCULUS,6,1,1,4,0.135950563,0.031454834,SR MU
10270,1032,MC,C,2,7-6: CODING,6,3,1,7,0.637631654,0.440761933,SR SI
10271,1032,MC,D,2,6-6: PROBABILITY,6,3,1,6,0.216981132,0.388462109,SR MU
10272,1032,MC,A,2,5-6: STATISTICS,6,2,1,5,0.132822478,0.263678593,SR MU
10273,1032,MC,A,2,5-6: STATISTICS,6,3,1,5,0.527131783,0.253744621,SR SI
10274,1032,CR,0,3,14-6: CODING,6,3,1,14,0.069877243,0.450350194,SHORT
10275,1032,MC,C,2,14-6: CODING,6,2,1,14,0.530586371,0.295411339,SR SI
10276,1032,MC,A,2,13-6: PROBABILITY,6,2,1,13,0.383140148,0.146219547,SR SI
10277,1032,MC,D,2,6-6: PROBABILITY,6,2,1,6,0.505097706,0.493861122,SR SI
10278,1033,CR,0,3,10-7: TRIGNOMETRY,7,3,1,10,0.179036229,0.485371784,SHORT
10279,1033,MC,C,2,7-7: CODING,7,3,1,7,0.306584362,0.298217548,SR SI
10280,1033,MC,A,2,5-7: STATISTICS,7,2,1,5,0.0918197,0.216590805,SR MU
10281,1033,MC,C,2,14-7: CODING,7,2,1,14,0.459026688,0.232189328,SR SI
10282,1033,CR,0,3,14-7: CODING,7,3,1,14,0.108866737,0.460743169,SHORT
10283,1033,MC,D,2,13-7: PROBABILITY,7,2,1,13,0.684665871,0.548885649,SR SI
10284,1033,MC,A,2,6-7: PROBABILITY,7,2,1,6,0.271233726,0.298143775,SR MU
10285,1033,MC,HT,2,13-7: PROBABILITY,7,2,1,13,0.104185762,0.333175334,HOT T
10286,1033,MC,A,2,7-7: CODING,7,3,1,7,0.285412262,0.47471163,SR MU
10287,1033,MC,C,2,6-7: PROBABILITY,7,2,1,6,0.74767514,0.585574588,SR SI
10288,1033,MC,C,2,10-7: TRIGNOMETRY,7,3,1,10,0.264177694,0.430620724,EBSR:
10289,1034,CR,0,3,14-7: CODING,7,3,1,14,0.275236201,0.608941682,SHORT
10290,1034,MC,C,2,7-7: CODING,7,3,1,7,0.151428571,0.214252949,EBSR:
10291,1034,MC,D,2,13-7: PROBABILITY,7,1,1,13,0.359375,0.425654987,SR SI
10292,1034,MC,C,2,13-7: PROBABILITY,7,2,1,13,0.071889977,0.168200849,SR MU
10293,1034,MC,HT,2,4-7: CALCULUS,7,2,1,4,0.652804033,0.522183611,HOT T
10294,1034,MC,D,2,7-7: CODING,7,3,1,7,0.609090909,0.407353359,SR SI
10295,1034,MC,B,2,14-7: CODING,7,2,1,14,0.607799853,0.44409853,SR SI
10296,1034,CR,0,3,10-7: TRIGNOMETRY,7,3,1,10,0.132885354,0.481327932,SHORT
10297,1034,MC,B,2,4-7: CALCULUS,7,1,1,4,0.835471277,0.514374562,SR SI
10298,1034,MC,B,2,5-7: STATISTICS,7,2,1,5,0.119397634,0.265746372,SR MU
10299,1034,MC,C,2,6-7: PROBABILITY,7,3,1,6,0.302259887,0.181759332,SR SI
10300,1035,MC,A,2,11-6: CALCULUS,6,3,2,11,0.040909091,0.184408984,SR MU
10301,1035,MC,A,2,9-6: GEOMETRY,6,3,2,9,0.353503185,0.269615784,SR MU
10302,1035,MC,D,2,3-6: TRIGNOMETRY,6,4,2,3,0.516245487,0.549503045,SR SI
10303,1035,CR,0,3,2-6: GEOMETRY,6,3,2,2,0.088519313,0.348507604,SHORT
10304,1035,MC,HT,2,12-6: STATISTICS,6,2,2,12,0.124845488,0.308262289,HOT T
10305,1035,MC,D,2,8-6: ALGEBRA,6,2,2,8,0.642230253,0.528959934,SR SI
10306,1035,MC,D,2,12-6: STATISTICS,6,2,2,12,0.093399751,0.226367894,SR MU
10307,1035,MC,B,2,11-6: CALCULUS,6,3,2,11,0.5,0.10450239,SR SI
10308,1035,MC,HT,2,1-6: ALGEBRA,6,2,2,1,0.183178535,0.420218007,HOT T
10309,1035,MC,D,2,3-6: TRIGNOMETRY,6,3,2,3,0.013816926,0.060343469,EBSR:
10310,1035,CR,0,3,2-6: GEOMETRY,6,3,2,2,0.088911089,0.417753071,SHORT
10311,1035,MC,B,2,9-6: GEOMETRY,6,3,2,9,0.520634921,0.208089141,SR SI
10312,1036,MC,B,2,12-6: STATISTICS,6,2,2,12,0.132190039,0.197153731,EBSR:
10313,1036,MC,HT,2,2-6: GEOMETRY,6,3,2,2,0.125274433,0.378713416,HOT T
10314,1036,MC,B,2,9-6: GEOMETRY,6,2,2,9,0.127668309,0.277744732,SR MU
10315,1036,MC,B,2,3-6: TRIGNOMETRY,6,3,2,3,0.231905465,0.577746102,EBSR:
10316,1036,MC,HT,2,12-6: STATISTICS,6,2,2,12,0.472910472,0.266906852,HOT T
10317,1036,MC,C,2,1-6: ALGEBRA,6,2,2,1,0.210904812,0.163374738,SR SI
10318,1036,MC,B,2,8-6: ALGEBRA,6,1,2,8,0.191927793,0.200714325,SR MU
10319,1037,MC,B,2,11-6: CALCULUS,6,2,2,11,0.681215151,0.545868019,SR SI
10320,1037,MC,B,2,2-6: GEOMETRY,6,3,2,2,0.203843256,0.307629965,EBSR:
10321,1037,MC,A,2,3-6: TRIGNOMETRY,6,3,2,3,0.695059625,0.553896361,SR SI
10322,1037,MC,A,2,8-6: ALGEBRA,6,1,2,8,0.487707261,0.269129587,SR SI
10323,1037,MC,B,2,9-6: GEOMETRY,6,2,2,9,0.133619764,0.392480859,SR MU
10324,1037,MC,D,2,12-6: STATISTICS,6,2,2,12,0.296776414,0.306714985,SR SI
10325,1037,MC,B,2,12-6: STATISTICS,6,2,2,12,0.300756187,0.478759343,SR MU
10326,1038,MC,HT,2,8-6: ALGEBRA,6,2,2,8,0.158926289,0.331617699,HOT T
10327,1038,MC,A,2,3-6: TRIGNOMETRY,6,3,2,3,0.46,0.1863346,SR SI
10328,1038,CR,0,3,12-6: STATISTICS,6,2,2,12,0.076540284,0.369141139,SHORT
10329,1038,MC,A,2,3-6: TRIGNOMETRY,6,3,2,3,0.028325123,0.0662781,EBSR:
10330,1038,MC,A,2,12-6: STATISTICS,6,2,2,12,0.053752868,0.194063643,EBSR:
10331,1038,MC,C,2,1-6: ALGEBRA,6,1,2,1,0.316045168,0.385915848,SR SI
10332,1038,MC,D,2,12-6: STATISTICS,6,1,2,12,0.259338062,0.618588127,EBSR:
10333,1038,CR,0,3,2-6: GEOMETRY,6,3,2,2,0.043380649,0.349243204,SHORT
10334,1038,MC,B,2,8-6: ALGEBRA,6,1,2,8,0.450830919,0.274562144,SR SI
10335,1039,MC,B,2,8-6: ALGEBRA,6,2,2,8,0.199616858,0.431142291,SR MU
10336,1039,MC,HT,2,3-6: TRIGNOMETRY,6,3,2,3,0.136986301,0.262552511,HOT T
10337,1039,MC,C,2,1-6: ALGEBRA,6,1,2,1,0.405280222,0.338013479,SR SI
10338,1039,MC,B,2,2-6: GEOMETRY,6,3,2,2,0.129065041,0.213108382,EBSR:
10339,1039,MC,C,2,9-6: GEOMETRY,6,3,2,9,0.489425982,0.156036086,SR SI
10340,1039,MC,A,2,11-6: CALCULUS,6,2,2,11,0.427978884,0.543627588,SR MU
10341,1040,MC,C,2,2-6: GEOMETRY,6,3,2,2,0.193215052,0.381296389,EBSR:
10342,1040,MC,A,2,11-6: CALCULUS,6,3,2,11,0.220689655,0.260567463,SR MU
10343,1040,MC,B,2,8-6: ALGEBRA,6,1,2,8,0.240563576,0.375113944,SR MU
10344,1040,MC,B,2,1-6: ALGEBRA,6,1,2,1,0.546782609,0.397389576,SR SI
10345,1040,MC,D,2,9-6: GEOMETRY,6,3,2,9,0.395121951,0.384285675,SR SI
10346,1040,MC,HT,2,3-6: TRIGNOMETRY,6,4,2,3,0.089965398,0.096966213,HOT T
10347,1040,MC,B,2,12-6: STATISTICS,6,2,2,12,0.165389201,0.323448315,EBSR:
10348,1041,MC,C,2,12-6: STATISTICS,6,2,2,12,0.165393519,0.471740001,EBSR:
10349,1041,MC,C,2,3-6: TRIGNOMETRY,6,4,2,3,0.155769231,0.355723001,EBSR:
10350,1041,MC,C,2,2-6: GEOMETRY,6,3,2,2,0.304439746,0.515527449,EBSR:
10351,1041,MC,C,2,11-6: CALCULUS,6,2,2,11,0.325635937,0.297220992,SR SI
10352,1041,MC,B,2,9-6: GEOMETRY,6,2,2,9,0.033402923,0.078708909,SR MU
10353,1042,MC,B,2,14-7: CODING,7,2,1,14,0.449050086,0.371926927,SR SI
10354,1042,MC,B,2,7-7: CODING,7,3,1,7,0.299781182,0.479068795,SR MU
10355,1042,MC,C,2,10-7: TRIGNOMETRY,7,3,1,10,0.100826446,0.285460093,EBSR:
10356,1042,MC,D,2,6-7: PROBABILITY,7,2,1,6,0.625,0.55796606,SR SI
10357,1042,MC,C,2,13-7: PROBABILITY,7,2,1,13,0.245813798,0.334899429,SR MU
10358,1042,MC,A,2,4-7: CALCULUS,7,2,1,4,0.539221383,0.457446779,SR SI
10359,1043,CR,0,3,14-6: CODING,6,2,1,14,0.316398129,0.489430952,SHORT
10360,1043,MC,A,2,10-6: TRIGNOMETRY,6,3,1,10,0.168394709,0.208697188,EBSR:
10361,1043,MC,HT,2,4-6: CALCULUS,6,2,1,4,0.621428571,0.387333726,HOT T
10362,1043,MC,C,2,6-6: PROBABILITY,6,2,1,6,0.589464883,0.384348521,SR SI
10363,1043,MC,C,2,13-6: PROBABILITY,6,3,1,13,0.699828473,0.607793909,SR SI
10364,1043,MC,A,2,4-6: CALCULUS,6,2,1,4,0.758846268,0.467228855,SR SI
10365,1043,MC,A,2,6-6: PROBABILITY,6,1,1,6,0.380451128,0.506354224,SR MU
10366,1043,MC,D,2,7-6: CODING,6,3,1,7,0.193202147,0.473881036,EBSR:
10367,1043,MC,C,2,14-6: CODING,6,2,1,14,0.420204403,0.609875397,EBSR:
10368,1044,MC,B,2,4-6: CALCULUS,6,1,1,4,0.312602291,0.550786368,SR MU
10369,1044,CR,0,3,14-6: CODING,6,3,1,14,0.217943706,0.578632635,SHORT
10370,1044,MC,B,2,4-6: CALCULUS,6,1,1,4,0.634300899,0.490566651,SR SI
10371,1044,CR,0,3,10-6: TRIGNOMETRY,6,3,1,10,0.095719051,0.384966673,SHORT
10372,1044,MC,A,2,7-6: CODING,6,3,1,7,0.050452166,0.199456213,SR MU
10373,1044,MC,A,2,5-6: STATISTICS,6,2,1,5,0.041022035,0.070591607,SR MU
10374,1044,MC,D,2,6-6: PROBABILITY,6,2,1,6,0.538697499,0.487921624,SR SI
10375,1044,MC,C,2,13-6: PROBABILITY,6,2,1,13,0.63496972,0.549536126,SR SI
10376,1044,MC,D,2,6-6: PROBABILITY,6,2,1,6,0.549679867,0.553858954,SR SI
10377,1044,MC,C,2,14-6: CODING,6,2,1,14,0.704752912,0.556832574,SR SI
10378,1044,MC,B,2,5-6: STATISTICS,6,2,1,5,0.673022599,0.586323834,SR SI
10379,1045,MC,C,2,7-6: CODING,6,3,1,7,0.236203091,0.019197117,SR SI
10380,1045,MC,HT,2,10-6: TRIGNOMETRY,6,3,1,10,0.150724638,0.31895341,HOT T
10381,1045,CR,0,3,10-6: TRIGNOMETRY,6,3,1,10,0.092517007,0.426120008,SHORT
10382,1045,MC,D,2,4-6: CALCULUS,6,2,1,4,0.405242355,0.465614416,SR SI
10383,1045,CR,0,3,14-6: CODING,6,3,1,14,0.071748879,0.401925108,SHORT
10384,1046,MC,A,2,3-6: TRIGNOMETRY,6,3,2,3,0.047955975,0.081387242,SR MU
10385,1046,CR,0,3,12-6: STATISTICS,6,3,2,12,0.082348799,0.335215131,SHORT
10386,1046,MC,A,2,2-6: GEOMETRY,6,3,2,2,0.068473232,0.033517261,EBSR:
10387,1046,MC,D,2,9-6: GEOMETRY,6,3,2,9,0.431309904,0.443935202,SR SI
10388,1046,MC,D,2,1-6: ALGEBRA,6,2,2,1,0.212543852,0.20904325,SR SI
10389,1047,MC,HT,2,8-7: ALGEBRA,7,2,2,8,0.421052632,0.191440377,HOT T
10390,1047,MC,C,2,8-7: ALGEBRA,7,1,2,8,0.589851202,0.534951913,SR SI
10391,1047,MC,D,2,1-7: ALGEBRA,7,2,2,1,0.422487223,0.398183317,SR SI
10392,1047,MC,A,2,3-7: TRIGNOMETRY,7,3,2,3,0.138554217,0.447228399,EBSR:
10393,1047,CR,0,3,12-7: STATISTICS,7,3,2,12,0.079830149,0.397521859,SHORT
10394,1047,MC,A,2,12-7: STATISTICS,7,2,2,12,0.068085106,0.250122233,EBSR:
10395,1047,MC,D,2,9-7: GEOMETRY,7,2,2,9,0.322326125,0.313922788,SR SI
10396,1047,MC,A,2,11-7: CALCULUS,7,3,2,11,0.200538358,0.348890996,SR MU
10397,1048,MC,B,2,9-7: GEOMETRY,7,3,2,9,0.632794457,0.462754693,SR SI
10398,1048,MC,HT,2,1-7: ALGEBRA,7,2,2,1,0.661204606,0.634446668,HOT T
10399,1048,MC,A,2,2-7: GEOMETRY,7,3,2,2,0.109707839,0.015268465,EBSR:
10400,1048,MC,C,2,1-7: ALGEBRA,7,1,2,1,0.411366006,0.268593451,SR SI
10401,1048,MC,A,2,8-7: ALGEBRA,7,2,2,8,0.513765695,0.350758398,SR SI
10402,1048,MC,HT,2,1-7: ALGEBRA,7,2,2,1,0.160247593,0.30025669,HOT T
10403,1048,MC,D,2,12-7: STATISTICS,7,2,2,12,0.310310848,0.483299439,EBSR:
10404,1048,MC,B,2,11-7: CALCULUS,7,2,2,11,0.493958048,0.243543228,SR SI
10405,1049,CR,0,3,2-7: GEOMETRY,7,3,2,2,0.16389074,0.498980223,SHORT
10406,1049,MC,C,2,11-7: CALCULUS,7,2,2,11,0.151235585,0.398595185,SR MU
10407,1049,MC,A,2,8-7: ALGEBRA,7,2,2,8,0.603556141,0.529323524,SR SI
10408,1049,MC,D,2,3-7: TRIGNOMETRY,7,4,2,3,0.456790124,0.449825589,SR SI
10409,1049,MC,D,2,3-7: TRIGNOMETRY,7,3,2,3,0.045454546,0.269901737,EBSR:
10410,1049,MC,A,2,9-7: GEOMETRY,7,3,2,9,0.02293578,0.047786597,SR MU
10411,1049,MC,B,2,2-7: GEOMETRY,7,3,2,2,0.186433955,0.302641576,EBSR:
10412,1049,CR,0,3,12-7: STATISTICS,7,3,2,12,0.155149935,0.397603456,SHORT
10413,1049,MC,D,2,9-7: GEOMETRY,7,3,2,9,0.15720524,0.072637234,SR SI
10414,1050,CR,0,3,14-7: CODING,7,3,1,14,0.096404216,0.335902211,SHORT
10415,1050,MC,D,2,5-7: STATISTICS,7,3,1,5,0.26446281,0.201962655,SR SI
10416,1050,MC,D,2,14-7: CODING,7,2,1,14,0.298308844,0.409175561,SR SI
10417,1050,MC,A,2,13-7: PROBABILITY,7,2,1,13,0.03870825,0.041914164,SR MU
10418,1050,MC,HT,2,4-7: CALCULUS,7,2,1,4,0.667705319,0.425877613,HOT T
10419,1050,MC,C,2,10-7: TRIGNOMETRY,7,3,1,10,0.251623377,0.370284827,EBSR:
10420,1050,CR,0,3,10-7: TRIGNOMETRY,7,3,1,10,0.160647992,0.439989011,SHORT
10421,1050,MC,HT,2,10-7: TRIGNOMETRY,7,3,1,10,0.199088146,0.420570227,HOT T
10422,1050,MC,B,2,13-7: PROBABILITY,7,1,1,13,0.218104063,-0.026898898,SR SI
10423,1050,MC,A,2,6-7: PROBABILITY,7,3,1,6,0.436149312,0.193627437,SR SI
10424,1050,MC,B,2,4-7: CALCULUS,7,1,1,4,0.405807535,0.017259823,SR SI
10425,1051,MC,HT,2,13-6: PROBABILITY,6,1,1,13,0.42418837,0.625587114,HOT T
10426,1051,MC,C,2,14-6: CODING,6,2,1,14,0.202401978,0.336259742,SR MU
10427,1051,MC,HT,2,10-6: TRIGNOMETRY,6,3,1,10,0.138939302,0.31929378,HOT T
10428,1051,MC,C,2,5-6: STATISTICS,6,3,1,5,0.170454546,0.230272241,SR MU
10429,1051,MC,B,2,10-6: TRIGNOMETRY,6,3,1,10,0.439846589,0.391203513,EBSR:
10430,1051,MC,D,2,14-6: CODING,6,2,1,14,0.693181818,0.540306265,SR SI
10431,1051,MC,B,2,4-6: CALCULUS,6,1,1,4,0.420454546,0.276075703,SR SI
10432,1052,MC,C,2,14-7: CODING,7,2,1,14,0.2673144,0.24913117,SR SI
10433,1052,MC,C,2,6-7: PROBABILITY,7,2,1,6,0.621077561,0.471673605,SR SI
10434,1052,MC,HT,2,13-7: PROBABILITY,7,1,1,13,0.226865672,0.395483582,HOT T
10435,1052,MC,C,2,14-7: CODING,7,2,1,14,0.173069608,0.310255963,EBSR:
10436,1052,MC,D,2,5-7: STATISTICS,7,2,1,5,0.283973327,0.289100881,SR SI
10437,1052,MC,B,2,4-7: CALCULUS,7,1,1,4,0.734869432,0.519049619,SR SI
10438,1052,MC,A,2,10-7: TRIGNOMETRY,7,3,1,10,0.232825892,0.43459344,EBSR:
10439,1053,MC,D,2,6-7: PROBABILITY,7,2,1,6,0.433798938,0.439604581,SR SI
10440,1053,MC,HT,2,13-7: PROBABILITY,7,2,1,13,0.308305477,0.48456787,HOT T
10441,1053,MC,B,2,4-7: CALCULUS,7,2,1,4,0.428100136,0.436244128,SR MU
10442,1053,MC,D,2,14-7: CODING,7,2,1,14,0.346250629,0.509448313,SR MU
10443,1053,MC,A,2,10-7: TRIGNOMETRY,7,3,1,10,0.629821261,0.58201252,EBSR:
10444,1053,MC,A,2,5-7: STATISTICS,7,3,1,5,0.255108767,0.358913436,SR MU
10445,1053,MC,A,2,6-7: PROBABILITY,7,3,1,6,0.091743119,0.224699993,SR MU
10446,1053,MC,A,2,13-7: PROBABILITY,7,2,1,13,0.302064746,0.002062253,SR SI
10447,1054,MC,A,2,12-7: STATISTICS,7,2,2,12,0.492013583,0.251378745,SR SI
10448,1054,MC,D,2,9-7: GEOMETRY,7,3,2,9,0.373312153,0.422336348,SR SI
10449,1054,MC,C,2,2-7: GEOMETRY,7,3,2,2,0.214719593,0.35232139,EBSR:
10450,1054,MC,A,2,9-7: GEOMETRY,7,3,2,9,0.421576764,0.273062113,SR SI
10451,1054,MC,C,2,12-7: STATISTICS,7,2,2,12,0.532128514,0.561149694,EBSR:
10452,1054,MC,HT,2,8-7: ALGEBRA,7,1,2,8,0.665215814,0.492242317,HOT T
10453,1054,MC,HT,2,2-7: GEOMETRY,7,3,2,2,0.417459191,0.504294479,HOT T
10454,1055,MC,C,2,2-7: GEOMETRY,7,3,2,2,0.450897571,0.530250659,EBSR:
10455,1055,CR,0,3,2-7: GEOMETRY,7,3,2,2,0.196969697,0.485786551,SHORT
10456,1055,MC,HT,2,1-7: ALGEBRA,7,2,2,1,0.248468941,0.274620386,HOT T
10457,1055,MC,B,2,1-7: ALGEBRA,7,2,2,1,0.325744308,0.079197947,SR SI
10458,1055,MC,HT,2,8-7: ALGEBRA,7,2,2,8,0.666375546,0.508805407,HOT T
10459,1055,CR,0,3,12-7: STATISTICS,7,3,2,12,0.349173554,0.387063082,SHORT
10460,1055,MC,A,2,12-7: STATISTICS,7,2,2,12,0.109170306,0.281515473,SR MU
10461,1056,MC,HT,2,2-6: GEOMETRY,6,3,2,2,0.109465441,0.174737743,HOT T
10462,1056,MC,HT,2,2-6: GEOMETRY,6,3,2,2,0.159793814,0.403354125,HOT T
10463,1056,MC,B,2,12-6: STATISTICS,6,2,2,12,0.149782574,0.296173476,SR MU
10464,1056,MC,B,2,12-6: STATISTICS,6,2,2,12,0.529584352,0.345822602,SR SI
10465,1056,MC,HT,2,12-6: STATISTICS,6,2,2,12,0.124046111,0.414275262,HOT T
10466,1056,MC,C,2,2-6: GEOMETRY,6,3,2,2,0.227455582,0.443636819,EBSR:
10467,1057,MC,D,2,9-7: GEOMETRY,7,3,2,9,0.449122807,0.48238807,SR SI
10468,1057,MC,D,2,9-7: GEOMETRY,7,3,2,9,0.456865128,0.569555699,SR SI
10469,1057,MC,B,2,1-7: ALGEBRA,7,1,2,1,0.111952407,0.294389179,SR MU
10470,1057,MC,B,2,1-7: ALGEBRA,7,2,2,1,0.332914716,0.026034019,SR SI
10471,1057,CR,0,3,2-7: GEOMETRY,7,3,2,2,0.162807986,0.470207882,SHORT
10472,1057,MC,HT,2,2-7: GEOMETRY,7,3,2,2,0.235279805,0.32833412,HOT T
10473,1057,CR,0,3,12-7: STATISTICS,7,3,2,12,0.043636941,0.145915133,SHORT
10474,1057,MC,C,2,11-7: CALCULUS,7,2,2,11,0.357898942,0.480611156,SR MU
10475,1057,MC,D,2,12-7: STATISTICS,7,2,2,12,0.257352941,0.382680907,EBSR:
10476,1057,MC,A,2,3-7: TRIGNOMETRY,7,4,2,3,0.092161017,0.263971336,SR MU
10477,1057,MC,HT,2,8-7: ALGEBRA,7,2,2,8,0.791693155,0.51904967,HOT T
10478,1058,MC,A,2,2-7: GEOMETRY,7,3,2,2,0.151881517,0.331508866,EBSR:
10479,1058,MC,D,2,1-7: ALGEBRA,7,2,2,1,0.434677829,0.495204569,SR SI
10480,1058,MC,A,2,1-7: ALGEBRA,7,1,2,1,0.311101549,-0.098572905,SR SI
10481,1058,MC,B,2,12-7: STATISTICS,7,2,2,12,0.244415386,-0.155667365,SR SI
10482,1058,MC,B,2,3-7: TRIGNOMETRY,7,3,2,3,0.63717605,0.37218905,SR SI
10483,1058,MC,C,2,11-7: CALCULUS,7,3,2,11,0.550561798,0.539784815,SR SI
10484,1059,MC,D,2,9-7: GEOMETRY,7,2,2,9,0.436567164,0.191206961,SR SI
10485,1059,MC,A,2,3-7: TRIGNOMETRY,7,3,2,3,0.624,0.321305918,SR SI
10486,1059,MC,D,2,2-7: GEOMETRY,7,3,2,2,0.452205882,0.149487125,EBSR:
10487,1059,MC,B,2,1-7: ALGEBRA,7,2,2,1,0.37037037,0.181451496,SR SI
10488,1059,MC,C,2,3-7: TRIGNOMETRY,7,3,2,3,0.755102041,0.361612553,SR SI
10489,1059,MC,B,2,1-7: ALGEBRA,7,2,2,1,0.378571429,0.40505711,SR MU
10490,1059,MC,D,2,11-7: CALCULUS,7,2,2,11,0.653136531,0.182765116,SR SI
10491,1059,MC,D,2,12-7: STATISTICS,7,2,2,12,0.477272727,0.16010972,SR SI
10492,1060,MC,D,2,12-7: STATISTICS,7,2,2,12,0.573139235,0.39821788,SR SI
10493,1060,MC,HT,2,3-7: TRIGNOMETRY,7,3,2,3,0.229381443,0.464355768,HOT T
10494,1060,MC,D,2,2-7: GEOMETRY,7,3,2,2,0.238745211,0.442568682,EBSR:
10495,1060,MC,C,2,1-7: ALGEBRA,7,2,2,1,0.339853301,0.38619868,SR SI
10496,1060,MC,C,2,11-7: CALCULUS,7,2,2,11,0.76432231,0.533117733,SR SI
10497,1060,MC,D,2,9-7: GEOMETRY,7,2,2,9,0.48745838,0.453897329,SR SI
10498,1060,MC,D,2,12-7: STATISTICS,7,2,2,12,0.633968478,0.618965361,SR SI
10499,1061,MC,D,2,8-6: ALGEBRA,6,2,2,8,0.075837743,-0.028423602,SR SI
10500,1061,MC,A,2,2-6: GEOMETRY,6,3,2,2,0.315224064,0.481104279,EBSR:
10501,1061,MC,C,2,1-6: ALGEBRA,6,2,2,1,0.256475368,0.456720053,SR MU
10502,1061,CR,0,3,12-6: STATISTICS,6,3,2,12,0.104944118,0.308163786,SHORT
10503,1061,MC,B,2,9-6: GEOMETRY,6,3,2,9,0.446640316,0.250514609,SR SI
10504,1061,MC,B,2,8-6: ALGEBRA,6,2,2,8,0.319267214,0.430961681,SR MU
10505,1061,MC,D,2,3-6: TRIGNOMETRY,6,4,2,3,0.244239631,0.259874808,EBSR:
10506,1061,MC,B,2,9-6: GEOMETRY,6,3,2,9,0,NA,SR MU
10507,1062,MC,B,2,1-6: ALGEBRA,6,1,2,1,0.199104235,-0.23645138,SR MU
10508,1062,MC,C,2,11-6: CALCULUS,6,3,2,11,0.006535948,0.068297018,SR MU
10509,1062,MC,HT,2,8-6: ALGEBRA,6,2,2,8,0.638549307,0.550020211,HOT T
10510,1062,CR,0,3,2-6: GEOMETRY,6,3,2,2,0.04427925,0.336413172,SHORT
10511,1062,MC,A,2,3-6: TRIGNOMETRY,6,3,2,3,0.133606557,0.213855798,SR MU
10512,1062,MC,B,2,1-6: ALGEBRA,6,2,2,1,0.146301594,0.293984695,SR MU
10513,1062,MC,B,2,11-6: CALCULUS,6,3,2,11,0.457792208,0.29532144,SR SI
10514,1062,CR,0,3,12-6: STATISTICS,6,3,2,12,0.135044643,0.406680063,SHORT
