ID,LEVEL,STANDARD,OBJECTIVE,DOK,TYPE,PVALUE,PTBIS
SC00001,4,1,1E,2,SRSI,0.448950382,0.238732317
SC00002,3,1,1I,2,SRSI,0.814427861,0.404246816
SC00003,4,4,4A,3,FILL,0.290345314,0.599422674
SC00004,3,1,1C,1,EQTN,0.669098489,0.587766697
SC00005,5,1,1J,1,DRAG,0.404602109,0.473729889
SC00006,5,3,3D,2,SRSI,0.646436526,0.573582968
SC00007,5,1,1F,1,EQTN,0.107507774,0.422083582
SC00008,4,4,4C,2,SRMU,0.062659195,0.26604661
SC00009,3,1,1C,1,EQTN,0.593874834,0.572421731
SC00010,5,1,1F,1,SRSI,0.525371604,0.308930238
SC00011,4,1,1A,3,EQTN,0.626513317,0.605589138
SC00012,5,3,3A,3,DRAG,0.190180879,0.499634021
SC00013,4,4,4A,2,SRSI,0.525395778,0.522059695
SC00014,4,3,3B,2,EQTN,0.356632653,0.63960121
SC00015,3,3,3E,3,SRSI,0.43030303,0.511417866
SC00016,4,2,2C,2,SRSI,0.177419355,0.312837929
SC00017,4,1,1G,2,DRAG,0.645812808,0.553688283
SC00018,3,1,1A,3,EQTN,0.151973684,0.421335261
SC00019,3,1,1A,1,EQTN,0.554691838,0.574357746
SC00020,5,1,1D,2,SRSI,0.29621527,0.213181897
SC00021,4,3,3E,3,SRSI,0.269933185,0.150426993
SC00022,3,1,1B,1,SRSI,0.573804574,0.397268787
SC00023,5,1,1D,2,SRSI,0.58902148,0.452318906
SC00024,3,1,1H,2,EQTN,0.275959368,0.571717854
SC00025,5,1,1F,2,EQTN,0.07716895,0.406872944
SC00026,3,3,3E,3,HOTS,0.258748152,0.500497201
SC00027,3,1,1E,1,EQTN,0.232365145,0.54141285
SC00028,4,1,1I,2,MATCH,0.485728593,0.43042872
SC00029,4,4,4E,3,EQTN,0.120509607,0.464585457
SC00030,5,1,1A,1,SRSI,0.419652552,0.401318629
SC00031,3,3,3A,3,DRAG,0.21085595,0.537074236
SC00032,5,2,2C,2,SRMU,0.125455872,0.37533164
SC00033,3,1,1C,1,EQTN,0.557848995,0.625937375
SC00034,4,1,1H,2,EQTN,0.435986159,0.426330945
SC00035,3,1,1A,1,EQTN,0.547578348,0.576806646
SC00036,5,1,1C,2,MATCH,0.533496333,0.471749014
SC00037,4,1,1A,2,EQTN,0.256624141,0.545612442
SC00038,3,2,2C,2,HOTS,0.21483376,0.556096137
SC00039,4,1,1H,1,MATCH,0.476630531,0.409330745
SC00040,4,1,1E,2,SRSI,0.415115207,0.26378942
SC00041,4,1,1C,2,SRSI,0.357714063,0.375848798
SC00042,3,1,1F,1,EQTN,0.18602207,0.513877656
SC00043,3,3,3D,3,MATCH,0.082469369,0.291346217
SC00044,4,1,1A,2,SRSI,0.540609137,0.537594924
SC00045,5,1,1I,2,EQTN,0.061023622,0.34740377
SC00046,4,1,1F,1,MATCH,0.112557749,0.212211534
SC00047,3,1,1D,2,FILL,0.802040816,0.425005554
SC00048,3,1,1E,1,EQTN,0.510541311,0.586204293
SC00049,3,3,3E,3,MATCH,0.229690522,0.127906999
SC00050,4,3,3E,3,SRMU,0.204276037,0.454977525
SC00051,5,3,3D,3,HOTS,0.308546596,0.410250589
SC00052,3,1,1I,2,EQTN,0.330357143,0.533130826
SC00053,4,1,1G,1,EQTN,0.708756652,0.437407335
SC00054,4,1,1F,2,MATCH,0.44023979,0.637414261
SC00055,5,1,1C,2,MATCH,0.677706157,0.394979131
SC00056,4,3,3D,2,DRAG,0.367400881,0.638122819
SC00057,3,1,1G,2,EQTN,0.743498215,0.466927047
SC00058,4,2,2D,3,SRSI,0.382467029,0.305878456
SC00059,3,1,1F,1,MATCH,0.338696914,0.258527153
SC00060,4,1,1H,2,EQTN,0.436883629,0.456756494
SC00061,3,1,1F,2,EQTN,0.254140787,0.466556525
SC00062,4,2,2A,2,EQTN,0.094924812,0.465537953
SC00063,3,1,1F,1,SRSI,0.356210856,0.371307357
SC00064,3,1,1K,1,MATCH,0.232715008,0.19043918
SC00065,3,1,1A,1,EQTN,0.205054566,0.397813676
SC00066,4,1,1A,3,SRSI,0.352615385,0.236446852
SC00067,5,1,1E,2,EQTN,0.099681384,0.44729026
SC00068,5,1,1D,1,EQTN,0.516076736,0.539056372
SC00069,3,1,1B,1,SRSI,0.411639649,0.393471772
SC00070,5,1,1C,1,EQTN,0.636893204,0.556768325
SC00071,5,1,1E,3,EQTN,0.18849477,0.536330485
SC00072,4,2,2C,2,MATCH,0.490465294,0.445356851
SC00073,3,3,3B,2,GRAPH,0.074770864,0.245922372
SC00074,5,3,3F,3,EQTN,0.351538462,0.625253826
SC00075,5,1,1F,1,SRSI,0.535726614,0.277879519
SC00076,3,1,1F,1,EQTN,0.402157165,0.443716184
SC00077,5,3,3F,2,DRAG,0.399562885,0.401751621
SC00078,5,1,1H,2,HOTS,0.105563481,0.461519298
SC00079,4,4,4A,2,SRSI,0.37470726,0.561502331
SC00080,5,1,1D,2,SRSI,0.586653865,0.466789752
SC00081,3,2,2A,2,SRSI,0.648389904,0.555721974
SC00082,3,1,1D,2,EQTN,0.664256198,0.532662274
SC00083,3,1,1A,1,EQTN,0.712053571,0.596572686
SC00084,4,1,1A,2,EQTN,0.272637795,0.469371327
SC00085,4,1,1K,2,GRAPH,0.451327434,0.412895321
SC00086,5,3,3B,2,GRAPH,0.135721493,0.351741217
SC00087,4,1,1L,1,MATCH,0.421690695,0.458597122
SC00088,3,1,1B,1,EQTN,0.442902882,0.122909205
SC00089,3,3,3A,3,DRAG,0.260559921,0.623411641
SC00090,3,3,3E,3,SRSI,0.627021884,0.444976022
SC00091,3,1,1F,1,SRSI,0.340459647,0.371308054
SC00092,3,4,4E,3,SRMU,0.098139833,0.382015783
SC00093,4,1,1D,1,EQTN,0.777777778,0.431957099
SC00094,3,4,4A,3,MATCH,0.24896019,0.473901203
SC00095,3,3,3E,2,SRSI,0.36156283,0.426825355
SC00096,5,1,1D,2,EQTN,0.489410681,0.435286689
SC00097,4,1,1A,2,SRSI,0.694367498,0.524108154
SC00098,3,1,1I,2,EQTN,0.052620761,0.325590893
SC00099,3,1,1I,2,EQTN,0.055240062,0.357631643
SC00100,3,3,3F,2,SRMU,0.300613497,0.554595289
SC00101,5,1,1F,3,EQTN,0.138324873,0.452277562
SC00102,3,1,1D,2,EQTN,0.781893004,0.496817188
SC00103,3,1,1D,2,EQTN,0.317230274,0.541044438
SC00104,5,1,1D,2,SRSI,0.521537442,0.267018947
SC00105,3,1,1G,2,EQTN,0.48368932,0.612311763
SC00106,4,1,1H,2,EQTN,0.786715101,0.395127493
SC00107,3,1,1D,2,FILL,0.514976353,0.528759848
SC00108,3,4,4E,3,SRMU,0.068860451,0.21951728
SC00109,3,2,2D,3,SRSI,0.181300813,0.165126114
SC00110,4,1,1G,2,EQTN,0.168184578,0.40121692
SC00111,3,1,1E,1,EQTN,0.273584906,0.522679609
SC00112,4,1,1K,2,GRAPH,0.276497696,0.292638073
SC00113,3,1,1B,1,EQTN,0.444324324,0.12142408
SC00114,3,1,1D,2,EQTN,0.265993266,0.384148868
SC00115,5,1,1D,2,EQTN,0.264900662,0.532708304
SC00116,5,1,1C,1,EQTN,0.184198001,0.374477418
SC00117,4,1,1L,1,MATCH,0.126348228,0.275781725
SC00118,4,1,1A,3,SRSI,0.799061033,0.496635083
SC00119,4,1,1A,3,SRSI,0.500915751,0.39408923
SC00120,4,1,1F,1,MATCH,0.08875178,0.440917556
SC00121,3,1,1H,2,EQTN,0.71606949,0.58959673
SC00122,4,1,1G,2,MATCH,0.798019802,0.498266253
SC00123,4,4,4C,2,EQTN,0.102040816,0.466667824
SC00124,5,4,4F,3,HOTS,0.112359551,0.463701815
SC00125,3,3,3E,2,SRSI,0.437333333,0.107397356
SC00126,3,1,1E,1,EQTN,0.509518477,0.535369171
SC00127,5,1,1F,2,EQTN,0.423558897,0.62497098
SC00128,3,3,3E,3,MATCH,0.234269119,0.397098205
SC00129,4,1,1F,2,EQTN,0.317280453,0.578732801
SC00130,5,4,4F,2,SRSI,0.334538879,0.27411846
SC00131,5,3,3D,2,SRSI,0.36010929,0.336585704
SC00132,4,2,2C,2,DRAG,0.361352657,0.504846583
SC00133,4,1,1B,1,SRSI,0.748221128,0.581551267
SC00134,4,1,1E,2,EQTN,0.390995261,0.554451591
SC00135,3,3,3E,2,HOTS,0.438534872,0.348694778
SC00136,3,1,1H,2,HOTS,0.48298573,0.402999801
SC00137,5,2,2D,2,HOTS,0.044207317,0.253587735
SC00138,4,4,4D,2,MATCH,0.093428345,0.213368993
SC00139,4,1,1G,2,HOTS,0.745063291,0.419829694
SC00140,5,1,1C,2,SRSI,0.349744543,0.431101956
SC00141,4,1,1G,1,EQTN,0.204199475,0.41348491
SC00142,3,4,4E,3,SRSI,0.551790281,0.316542148
SC00143,5,1,1A,1,EQTN,0.201685097,0.436286329
SC00144,5,1,1E,2,SRSI,0.336638125,0.571560321
SC00145,3,1,1D,3,SRSI,0.479275514,0.288553537
SC00146,3,3,3A,3,SRMU,0.072074335,0.285331616
SC00147,4,1,1E,2,SRSI,0.665050897,0.277387248
SC00148,3,1,1A,1,EQTN,0.586206897,0.587106544
SC00149,5,1,1I,2,EQTN,0.347614411,0.557456333
SC00150,5,1,1E,2,SRSI,0.380823157,0.458428556
SC00151,3,1,1A,1,EQTN,0.723964166,0.584902029
SC00152,4,4,4A,3,EQTN,0.06408499,0.332302559
SC00153,4,1,1D,1,EQTN,0.275123989,0.49719257
SC00154,4,1,1I,2,EQTN,0.051175133,0.359872943
SC00155,5,1,1F,2,SRSI,0.583406884,0.240844172
SC00156,5,3,3B,3,DRAG,0.165834166,0.432507392
SC00157,5,2,2C,2,FILL,0.483316481,0.490644096
SC00158,4,1,1D,2,EQTN,0.552910053,0.489137133
SC00159,4,1,1F,2,EQTN,0.442208166,0.335448677
SC00160,3,3,3A,2,HOTS,0.03071317,0.301792876
SC00161,3,1,1F,1,SRSI,0.803668303,0.350284982
SC00162,3,3,3A,3,HOTS,0.152680653,0.487788177
SC00163,3,4,4E,3,EQTN,0.11629435,0.447796403
SC00164,3,1,1J,1,EQTN,0.748081841,0.43222836
SC00165,5,1,1B,2,HOTS,0.039881832,0.297068937
SC00166,5,1,1C,1,EQTN,0.174610895,0.364606787
SC00167,4,1,1I,2,EQTN,0.072129909,0.385802685
SC00168,3,1,1D,2,EQTN,0.694764398,0.533722781
SC00169,3,3,3D,2,SRMU,0.218798151,0.479885803
SC00170,5,3,3D,3,DRAG,0.211538462,0.546219244
SC00171,3,1,1F,1,EQTN,0.251306165,0.430631676
SC00172,5,1,1K,2,MATCH,0.440898126,0.303994044
SC00173,4,1,1E,2,EQTN,0.061145884,0.385488052
SC00174,3,1,1E,1,EQTN,0.477796053,0.577199818
SC00175,4,1,1E,2,EQTN,0.339882122,0.547645601
SC00176,3,1,1D,2,FILL,0.588452737,0.514742417
SC00177,5,1,1I,2,EQTN,0.540178571,0.481177384
SC00178,5,1,1C,2,SRSI,0.411443547,0.439126255
SC00179,4,1,1D,2,EQTN,0.444794953,0.491839833
SC00180,3,1,1F,1,SRSI,0.815035154,0.347029318
SC00181,5,1,1C,1,EQTN,0.554523227,0.557156014
SC00182,5,3,3E,2,SRSI,0.539053905,0.482173433
SC00183,3,1,1D,2,FILL,0.753340185,0.39838279
SC00184,5,1,1E,1,SRSI,0.663833806,0.556726302
SC00185,4,1,1E,2,SRSI,0.359981079,0.409017093
SC00186,3,3,3A,3,DRAG,0.111609367,0.414906489
SC00187,4,3,3D,2,HOTS,0.326808674,0.508246319
SC00188,5,4,4D,2,DRAG,0.084981685,0.387283598
SC00189,5,1,1F,2,EQTN,0.276970498,0.555571994
SC00190,3,1,1E,1,EQTN,0.10190904,0.336768218
SC00191,3,1,1C,1,EQTN,0.57961114,0.553368999
SC00192,3,1,1A,1,EQTN,0.450308815,0.556319906
SC00193,5,3,3E,3,HOTS,0.382229232,0.416918686
SC00194,5,2,2A,3,MATCH,0.349261239,0.386842064
SC00195,5,3,3F,3,DRAG,0.107708014,0.421521292
SC00196,5,1,1G,2,EQTN,0.325800377,0.543146699
SC00197,5,1,1K,2,MATCH,0.226771943,0.357429038
SC00198,3,1,1E,1,EQTN,0.526887872,0.594988367
SC00199,3,1,1A,1,EQTN,0.548440066,0.540011545
SC00200,4,4,4D,2,MATCH,0.065471551,0.267131398
SC00201,5,1,1I,2,EQTN,0.355575868,0.577802016
SC00202,3,1,1C,1,MATCH,0.465977137,0.46062914
SC00203,4,1,1D,2,EQTN,0.045488075,0.334104913
SC00204,5,3,3E,2,SRSI,0.676105632,0.446465443
SC00205,5,1,1A,2,EQTN,0.125310791,0.391759018
SC00206,4,1,1K,2,EQTN,0.228756407,0.479743708
SC00207,4,1,1A,3,SRSI,0.822070676,0.499109964
SC00208,3,3,3C,3,EQTN,0.054509415,0.201069384
SC00209,5,4,4A,3,EQTN,0.10356653,0.46264175
SC00210,4,2,2D,2,SRMU,0.066729323,0.304509478
SC00211,4,3,3D,3,MATCH,0.291459557,0.39506031
SC00212,4,1,1A,1,SRSI,0.882125604,0.388484264
SC00213,3,4,4D,2,HOTS,0.434505863,0.467059886
SC00214,5,4,4A,2,SRSI,0.451053284,0.473671052
SC00215,3,1,1F,2,EQTN,0.569046378,0.342768072
SC00216,3,1,1D,2,FILL,0.536842105,0.523262887
SC00217,3,1,1F,1,EQTN,0.344402785,0.16855847
SC00218,5,1,1D,1,EQTN,0.514036786,0.416364576
SC00219,4,1,1F,1,MATCH,0.340898345,0.601674824
SC00220,4,2,2B,2,EQTN,0.089780325,0.409825949
SC00221,5,4,4D,2,SRSI,0.411952191,0.477623376
SC00222,5,4,4C,2,SRSI,0.423318386,0.246622607
SC00223,4,3,3C,3,HOTS,0.195365743,0.345903293
SC00224,4,1,1G,1,EQTN,0.738225087,0.433618941
SC00225,3,3,3E,3,GRAPH,0.312202097,0.375453869
SC00226,5,1,1E,2,SRSI,0.393831024,0.400387983
SC00227,5,1,1E,1,EQTN,0.369102683,0.583394615
SC00228,3,1,1F,2,GRAPH,0.226375909,0.380341063
SC00229,5,1,1F,2,EQTN,0.182407715,0.469023313
SC00230,5,1,1I,1,EQTN,0.24365942,0.429814033
SC00231,4,1,1G,1,EQTN,0.63377516,0.450736555
SC00232,3,3,3E,2,SRMU,0.177228786,0.472848569
SC00233,4,1,1L,2,MATCH,0.040932643,0.198983935
SC00234,5,4,4F,2,GRAPH,0.383597884,0.552062791
SC00235,3,1,1F,1,SRSI,0.387506617,0.339786431
SC00236,5,1,1C,1,MATCH,0.385740889,0.560834058
SC00237,4,1,1K,1,DRAG,0.198380567,0.386555664
SC00238,3,1,1C,1,EQTN,0.719914803,0.59045276
SC00239,3,3,3D,2,SRMU,0.041599136,0.224069125
SC00240,5,1,1F,1,SRSI,0.485022026,0.183170616
SC00241,3,4,4F,2,SRSI,0.472128946,0.494634835
SC00242,3,2,2B,2,MATCH,0.084882781,0.16475348
SC00243,5,1,1E,3,EQTN,0.078719723,0.464591171
SC00244,4,1,1G,1,EQTN,0.507359307,0.462825888
SC00245,5,1,1K,2,HOTS,0.469410664,0.276925758
SC00246,3,1,1H,2,HOTS,0.619374314,0.635180785
SC00247,4,1,1A,3,EQTN,0.39537037,0.551739225
SC00248,5,1,1C,1,EQTN,0.345923913,0.52648654
SC00249,4,3,3B,2,GRAPH,0.117727897,0.181592504
SC00250,3,1,1I,2,SRSI,0.788090129,0.428683305
SC00251,5,1,1F,2,EQTN,0.290829694,0.606312454
SC00252,5,3,3D,2,SRMU,0.078133783,0.271141309
SC00253,4,4,4A,2,EQTN,0.059979839,0.299520184
SC00254,5,1,1D,2,EQTN,0.452991453,0.34282777
SC00255,4,2,2D,2,HOTS,0.455426357,0.469539007
SC00256,3,1,1A,1,EQTN,0.804215197,0.374780919
SC00257,3,2,2A,2,EQTN,0.476782753,0.589343998
SC00258,5,1,1I,1,EQTN,0.283318223,0.448920894
SC00259,5,4,4A,3,SRSI,0.292265572,0.12603005
SC00260,4,1,1E,2,SRSI,0.404294706,0.397388183
SC00261,4,1,1J,2,HOTS,0.044270833,0.348637404
SC00262,4,3,3A,2,HOTS,0.087422582,0.464710821
SC00263,5,1,1G,2,EQTN,0.380720721,0.683557226
SC00264,5,1,1F,2,EQTN,0.071493213,0.299944777
SC00265,4,1,1F,2,EQTN,0.342055186,0.554704146
SC00266,3,1,1A,1,EQTN,0.693474528,0.574219856
SC00267,4,1,1A,3,SRSI,0.376425856,0.292545599
SC00268,5,3,3D,2,SRSI,0.293050699,0.170823535
SC00269,3,1,1A,1,EQTN,0.679141442,0.633982536
SC00270,5,1,1J,1,SRSI,0.592907801,0.349215735
SC00271,5,1,1F,2,EQTN,0.247960109,0.550156922
SC00272,5,3,3E,2,HOTS,0.404322615,0.459137861
SC00273,4,1,1F,1,EQTN,0.468197035,0.638946082
SC00274,4,1,1I,2,FILL,0.08239883,0.386686397
SC00275,3,1,1H,2,HOTS,0.253089737,0.416679313
SC00276,3,1,1J,2,GRAPH,0.129957806,0.381214819
SC00277,5,3,3F,3,EQTN,0.12253937,0.418959942
SC00278,3,1,1F,2,EQTN,0.644119132,0.379089287
SC00279,5,1,1D,2,EQTN,0.46182323,0.525514947
SC00280,5,1,1D,1,EQTN,0.363812288,0.556484497
SC00281,5,1,1J,1,HOTS,0.584688995,0.440095111
SC00282,3,3,3D,3,SRSI,0.476407285,0.407106373
SC00283,4,1,1D,2,MATCH,0.57670935,0.457640698
SC00284,5,1,1F,1,EQTN,0.222280794,0.362171026
SC00285,5,1,1C,1,EQTN,0.094650206,0.300143846
SC00286,5,1,1J,1,GRAPH,0.18647343,0.518262475
SC00287,3,1,1A,1,EQTN,0.688784498,0.612655053
SC00288,3,1,1A,1,EQTN,0.794605809,0.529202899
SC00289,5,4,4A,3,FILL,0.105997211,0.263523372
SC00290,4,1,1B,1,HOTS,0.285837651,0.61107496
SC00291,4,1,1A,3,EQTN,0.370817844,0.559486498
SC00292,4,1,1F,1,MATCH,0.276462059,0.589350222
SC00293,3,1,1E,1,EQTN,0.241340148,0.513137311
SC00294,3,1,1H,2,HOTS,0.343334762,0.542330974
SC00295,5,1,1C,2,MATCH,0.370422535,0.497246304
SC00296,5,1,1I,2,EQTN,0.121121121,0.181215524
SC00297,3,1,1A,1,EQTN,0.666124661,0.558696604
SC00298,4,1,1K,1,DRAG,0.317085302,0.448081209
SC00299,4,1,1D,2,EQTN,0.497894737,0.496876274
SC00300,5,1,1C,1,EQTN,0.362476371,0.541831648
SC00301,3,1,1B,1,EQTN,0.436750999,0.147036623
SC00302,4,1,1E,2,SRSI,0.373791103,0.230797193
SC00303,4,1,1D,2,MATCH,0.179160021,0.344525665
SC00304,4,1,1G,1,EQTN,0.121636403,0.453836663
SC00305,5,1,1E,3,EQTN,0.128496504,0.545477235
SC00306,5,3,3A,3,EQTN,0.111521418,0.421795625
SC00307,3,1,1B,1,SRSI,0.24959217,0.38105453
SC00308,4,1,1A,2,SRSI,0.748603352,0.473749642
SC00309,4,3,3B,2,EQTN,0.121243523,0.375801619
SC00310,4,1,1F,2,EQTN,0.42396088,0.639978657
SC00311,5,1,1F,1,SRSI,0.478691347,0.274537292
SC00312,3,1,1E,1,EQTN,0.285307517,0.534715989
SC00313,4,1,1E,2,EQTN,0.314009662,0.508131887
SC00314,3,1,1F,2,EQTN,0.249025641,0.457177186
SC00315,4,1,1E,1,EQTN,0.814531549,0.429818987
SC00316,4,1,1A,3,SRSI,0.395480226,0.329675148
SC00317,5,2,2A,2,SRSI,0.428679245,0.424762668
SC00318,4,1,1B,1,SRSI,0.870934435,0.455698988
SC00319,4,1,1G,2,MATCH,0.320100503,0.290256328
SC00320,5,1,1K,2,MATCH,0.221965851,0.282492495
SC00321,3,1,1F,1,MATCH,0.622281167,0.146108067
SC00322,4,1,1B,1,FILL,0.370976253,0.534172686
SC00323,5,3,3B,2,GRAPH,0.154297918,0.417039479
SC00324,3,4,4E,3,DRAG,0.202997968,0.408018391
SC00325,5,1,1C,2,MATCH,0.048780488,0.314091949
SC00326,3,1,1C,1,EQTN,0.838918919,0.517585395
SC00327,3,3,3D,3,DRAG,0.197680158,0.548865437
SC00328,4,4,4C,2,SRMU,0.130017452,0.328034921
SC00329,3,1,1F,1,EQTN,0.346295323,0.211188193
SC00330,5,1,1F,2,EQTN,0.214483395,0.598791024
SC00331,4,4,4A,2,EQTN,0.165348101,0.387296843
SC00332,5,2,2B,2,EQTN,0.209912536,0.474858072
SC00333,5,1,1F,2,EQTN,0.052836485,0.312568794
SC00334,4,1,1A,3,SRSI,0.516889739,0.4123284
SC00335,5,1,1E,2,SRSI,0.463257413,0.506656126
SC00336,3,1,1D,2,EQTN,0.713351499,0.498822011
SC00337,4,3,3B,2,HOTS,0.079230769,0.440946823
SC00338,3,1,1C,1,MATCH,0.63643617,0.564070841
SC00339,5,4,4D,2,DRAG,0.096856415,0.346266196
SC00340,5,1,1E,3,EQTN,0.123330365,0.465312458
SC00341,3,1,1A,3,EQTN,0.177777778,0.406590306
SC00342,5,1,1J,1,GRAPH,0.575542965,0.400895388
SC00343,5,1,1J,1,DRAG,0.29742612,0.509221884
SC00344,3,1,1I,2,EQTN,0.657128258,0.345299638
SC00345,4,1,1G,2,EQTN,0.175292969,0.489933947
SC00346,3,3,3A,2,SRSI,0.294557097,0.337044369
SC00347,3,1,1C,1,MATCH,0.263790279,0.507387407
SC00348,3,1,1B,1,MATCH,0.309324254,0.455289293
SC00349,3,2,2C,2,SRSI,0.330172414,0.341252379
SC00350,4,3,3E,2,SRSI,0.539553753,0.415614003
SC00351,3,3,3D,2,DRAG,0.227336778,0.365453331
SC00352,5,2,2D,3,SRSI,0.432053176,0.518603064
SC00353,5,3,3C,2,SRSI,0.246506778,0.172539043
SC00354,3,4,4E,3,SRSI,0.266768682,0.149585148
SC00355,5,1,1I,2,EQTN,0.062698133,0.392542494
SC00356,3,4,4E,3,SRSI,0.3425,0.38295205
SC00357,5,1,1J,1,HOTS,0.622760291,0.403656024
SC00358,4,1,1A,2,SRSI,0.612966601,0.395115718
SC00359,4,1,1G,1,EQTN,0.338362069,0.472069245
SC00360,5,1,1G,1,EQTN,0.460325534,0.586000948
SC00361,4,1,1F,1,EQTN,0.369771863,0.638033755
SC00362,5,1,1G,2,EQTN,0.183826214,0.441216063
SC00363,5,1,1B,2,SRSI,0.26496585,0.200506533
SC00364,4,3,3A,2,SRSI,0.235444331,0.247316696
SC00365,4,1,1E,2,SRSI,0.365638767,0.148282008
SC00366,5,3,3C,2,SRSI,0.234252993,0.233965104
SC00367,3,4,4A,3,DRAG,0.636112754,0.719009901
SC00368,3,1,1C,1,EQTN,0.628072092,0.553567643
SC00369,3,1,1H,2,HOTS,0.566612289,0.450256167
SC00370,5,1,1D,1,EQTN,0.547782471,0.448189969
SC00371,4,3,3C,3,HOTS,0.175179212,0.238385858
SC00372,4,2,1A,2,SRSI,0.351023503,0.147794799
SC00373,5,1,1D,2,SRSI,0.374418605,0.426135673
SC00374,3,1,1C,1,EQTN,0.907631579,0.474134401
SC00375,3,1,1F,2,HOTS,0.211309524,0.423263512
SC00376,4,1,1I,2,EQTN,0.157990868,0.356416769
SC00377,4,1,1F,1,MATCH,0.213799806,0.350983448
SC00378,4,1,1A,3,SRSI,0.353846154,0.195161626
SC00379,4,2,2C,2,EQTN,0.337864078,0.567299157
SC00380,4,2,2C,2,EQTN,0.071428571,0.317801935
SC00381,3,1,1F,1,EQTN,0.497659906,0.330829286
SC00382,5,3,3D,3,DRAG,0.331095041,0.622158986
SC00383,5,4,4E,3,SRSI,0.221818182,0.174894758
SC00384,3,1,1I,2,EQTN,0.714374354,0.368265872
SC00385,4,1,1A,2,SRSI,0.599243856,0.335852801
SC00386,4,3,3E,3,SRSI,0.351334575,0.309509674
SC00387,5,1,1C,1,MATCH,0.367104924,0.320040513
SC00388,4,1,1D,2,MATCH,0.375306222,0.32296537
SC00389,4,1,1F,1,MATCH,0.139754485,0.385376349
SC00390,3,1,1D,2,EQTN,0.254757786,0.554937076
SC00391,5,3,3C,3,EQTN,0.133048045,0.519798702
SC00392,4,1,1G,1,EQTN,0.172058824,0.405777608
SC00393,3,1,1D,2,EQTN,0.778527063,0.541393613
SC00394,5,3,3D,2,MATCH,0.279402614,0.44167686
SC00395,4,1,1K,2,EQTN,0.298325723,0.376937958
SC00396,4,1,1L,1,MATCH,0.888308977,0.273724832
SC00397,3,1,1C,1,EQTN,0.641860465,0.539256295
SC00398,5,1,1E,1,EQTN,0.426648097,0.639752206
SC00399,4,1,1E,1,EQTN,0.760942761,0.387168743
SC00400,3,1,1C,1,EQTN,0.518893028,0.589682808
SC00401,4,1,1F,1,MATCH,0.254579615,0.288819483
SC00402,5,2,2D,2,EQTN,0.066500416,0.385661089
SC00403,4,1,1G,2,EQTN,0.584390244,0.473768968
SC00404,4,3,3B,2,SRMU,0.323267237,0.541793435
SC00405,4,1,1D,2,EQTN,0.79719917,0.407692433
SC00406,4,1,1F,2,MATCH,0.25360924,0.432247777
SC00407,4,1,1K,2,GRAPH,0.178678679,0.468278784
SC00408,4,1,1F,1,MATCH,0.631926684,0.658708976
SC00409,5,1,1J,1,SRSI,0.53375425,0.427154135
SC00410,5,1,1D,1,EQTN,0.476332835,0.435688305
SC00411,4,1,1H,2,EQTN,0.790037935,0.379577464
SC00412,5,4,4F,2,HOTS,0.223826715,0.474989933
SC00413,5,1,1I,1,EQTN,0.106222222,0.257677074
SC00414,5,3,3E,2,SRSI,0.20265252,0.2198108
SC00415,4,1,1D,2,EQTN,0.763350785,0.476298137
SC00416,4,1,1D,2,EQTN,0.045696068,0.310136222
SC00417,5,1,1K,2,MATCH,0.305769592,0.162499119
SC00418,5,1,1I,2,EQTN,0.439387111,0.454690107
SC00419,3,1,1F,1,EQTN,0.378893179,0.494736522
SC00420,4,1,1A,3,SRSI,0.820952381,0.533488201
SC00421,4,2,3E,2,HOTS,0.415571284,0.526646583
SC00422,4,4,4A,3,EQTN,0.529575893,0.702619757
SC00423,4,1,1D,2,MATCH,0.736189985,0.432125304
SC00424,3,4,4A,2,DRAG,0.139447236,0.402945342
SC00425,4,1,1K,2,EQTN,0.19570644,0.351459081
SC00426,4,4,4D,2,MATCH,0.197540984,0.231029445
SC00427,3,4,4A,2,SRSI,0.41126071,0.335189677
SC00428,4,1,1A,2,SRSI,0.695519348,0.623775681
SC00429,4,3,3A,3,FILL,0.231189893,0.488853405
SC00430,5,1,1F,2,EQTN,0.14986124,0.460700349
SC00431,3,1,1A,1,EQTN,0.406266883,0.445356745
SC00432,5,1,1J,1,HOTS,0.614474929,0.384466114
SC00433,3,1,1H,2,HOTS,0.228915663,0.479814442
SC00434,5,4,4F,2,SRSI,0.2524708,0.276484656
SC00435,4,3,3D,2,DRAG,0.362444609,0.628838268
SC00436,5,4,4F,3,HOTS,0.132352941,0.504232499
SC00437,5,1,1I,2,EQTN,0.581375109,0.458210499
SC00438,5,1,1D,1,EQTN,0.408241495,0.418391832
SC00439,5,3,3D,3,MATCH,0.437468096,0.525743768
SC00440,3,1,1C,1,EQTN,0.703320632,0.579851922
SC00441,5,1,1B,2,SRSI,0.645978153,0.370436804
SC00442,5,1,1F,2,EQTN,0.274967004,0.555013922
SC00443,4,1,1G,1,EQTN,0.706699752,0.433730457
SC00444,3,1,1A,1,EQTN,0.765501691,0.591157646
SC00445,3,1,1D,2,FILL,0.69040404,0.551791226
SC00446,3,3,3F,3,SRSI,0.512652296,0.480589909
SC00447,5,1,1D,2,SRSI,0.545195052,0.352096683
SC00448,4,1,1F,2,HOTS,0.493996569,0.659216909
SC00449,5,1,1F,1,EQTN,0.13909427,0.40316864
SC00450,4,1,1G,2,MATCH,0.328862394,0.36854097
SC00451,5,3,3A,3,DRAG,0.226448561,0.531420563
SC00452,3,1,1A,1,EQTN,0.854072398,0.387781692
SC00453,3,1,1I,2,EQTN,0.047821467,0.343587597
SC00454,3,1,1A,1,EQTN,0.595473012,0.581669743
SC00455,4,3,3E,3,SRSI,0.521069325,0.2750964
SC00456,4,3,3E,3,SRSI,0.334541063,0.399646547
SC00457,4,3,3E,3,DRAG,0.183341089,0.534275575
SC00458,3,1,1B,1,SRSI,0.836518047,0.405701678
SC00459,3,1,1I,2,EQTN,0.189116379,0.391211992
SC00460,4,1,1E,2,SRSI,0.542042755,0.304861529
SC00461,3,1,1A,1,EQTN,0.591274397,0.588697616
SC00462,3,1,1D,2,EQTN,0.852962043,0.426021939
SC00463,3,1,1D,2,EQTN,0.639900249,0.527850898
SC00464,3,1,1F,2,EQTN,0.25157563,0.447664086
SC00465,4,1,1L,2,MATCH,0.107142857,0.35277227
SC00466,4,3,3A,3,MATCH,0.169918699,0.518573862
SC00467,3,1,1E,1,EQTN,0.6125,0.568027241
SC00468,5,1,1H,2,EQTN,0.184615385,0.42115675
SC00469,3,1,1J,2,GRAPH,0.095890411,0.358076393
SC00470,4,1,1L,1,MATCH,0.170764342,0.103135162
SC00471,3,1,1E,1,EQTN,0.245872642,0.503327558
SC00472,4,1,1F,2,DRAG,0.698117539,0.472934651
SC00473,3,1,1C,1,MATCH,0.510968432,0.612341977
SC00474,5,4,4B,2,FILL,0.034976153,0.389625341
SC00475,5,3,3B,2,SRSI,0.398955614,0.194015397
SC00476,4,1,1A,1,SRSI,0.821591949,0.516340667
SC00477,4,1,1E,1,EQTN,0.276595745,0.524704146
SC00478,4,2,2B,2,HOTS,0.252116651,0.503915124
SC00479,3,1,1D,2,EQTN,0.679285714,0.589109034
SC00480,5,1,1H,2,EQTN,0.341920375,0.594343084
SC00481,3,1,1F,1,SRSI,0.297941495,0.200485077
SC00482,5,3,3A,2,HOTS,0.237834882,0.487979721
SC00483,3,1,1H,2,EQTN,0.154275093,0.486231425
SC00484,3,1,1A,1,EQTN,0.668325042,0.53636828
SC00485,5,1,1F,1,EQTN,0.251458977,0.422190142
SC00486,5,3,3E,2,SRSI,0.605769231,0.53124012
SC00487,4,3,3F,2,DRAG,0.65623603,0.471379305
SC00488,3,1,1D,2,FILL,0.510714286,0.52624649
SC00489,3,1,1A,1,EQTN,0.664431487,0.576722353
SC00490,5,3,3F,3,EQTN,0.474936709,0.671854895
SC00491,3,1,1F,1,SRSI,0.575019236,0.367157275
SC00492,3,1,1C,1,MATCH,0.314624506,0.488002843
SC00493,4,4,4E,3,SRMU,0.224594993,0.491396218
SC00494,3,3,3F,2,DRAG,0.47151277,0.61714569
SC00495,4,1,1D,1,EQTN,0.609079118,0.571877297
SC00496,3,1,1D,2,FILL,0.448383733,0.508688377
SC00497,5,1,1E,2,SRSI,0.471740098,0.529598935
SC00498,5,3,3A,3,DRAG,0.125816173,0.376479805
SC00499,5,1,1J,1,SRSI,0.732348869,0.310725778
SC00500,4,1,1E,1,EQTN,0.793103448,0.374559325
SC00501,5,3,3F,3,HOTS,0.152636917,0.187661718
SC00502,5,1,1K,2,MATCH,0.19774542,0.184399519
SC00503,4,1,1J,2,HOTS,0.082025317,0.437153212
SC00504,3,1,1A,1,EQTN,0.657004831,0.578207702
SC00505,3,1,1D,2,EQTN,0.703252033,0.539875983
SC00506,5,3,3A,3,DRAG,0.066231811,0.408700192
SC00507,3,3,3F,3,SRSI,0.285257873,0.406777143
SC00508,4,1,1F,2,MATCH,0.302516941,0.355773166
SC00509,3,1,1J,1,EQTN,0.407925408,0.53476291
SC00510,5,1,1C,2,SRSI,0.370283019,0.433027065
SC00511,3,1,1B,1,SRSI,0.621794872,0.401628608
SC00512,5,1,1C,2,MATCH,0.113680154,0.156804682
SC00513,5,1,1F,1,SRSI,0.226134056,0.326585982
SC00514,3,1,1B,1,SRSI,0.227976508,0.432222395
SC00515,5,1,1I,2,EQTN,0.453256535,0.387129798
SC00516,3,1,1A,1,EQTN,0.623916811,0.563792573
SC00517,4,2,2A,2,SRSI,0.625339367,0.58618511
SC00518,4,4,4F,2,SRSI,0.714531878,0.523695432
SC00519,4,1,1G,2,EQTN,0.712995484,0.470468172
SC00520,4,4,4D,3,DRAG,0.106352605,0.452437733
SC00521,3,1,1D,3,SRSI,0.315487572,0.308448142
SC00522,3,1,1C,1,EQTN,0.765866667,0.48639802
SC00523,3,1,1G,2,GRAPH,0.12154233,0.355509272
SC00524,4,2,2C,2,EQTN,0.569097889,0.616458291
SC00525,4,1,1E,1,EQTN,0.445,0.4694475
SC00526,5,1,1H,2,EQTN,0.094783248,0.400571213
SC00527,4,1,1K,2,EQTN,0.101861427,0.397705029
SC00528,4,3,3D,3,SRMU,0.060964513,0.207826326
SC00529,5,3,3F,3,MATCH,0.222109017,0.22321447
SC00530,3,1,1D,2,EQTN,0.684397163,0.510122919
SC00531,4,2,2D,2,EQTN,0.100401606,0.390304052
SC00532,4,1,1G,2,MATCH,0.36878385,0.595962814
SC00533,5,4,4E,3,SRSI,0.36075626,0.255185193
SC00534,3,1,1F,1,EQTN,0.559914025,0.327749033
SC00535,4,4,4A,2,EQTN,0.14254386,0.337817205
SC00536,5,4,4E,3,SRSI,0.341010401,0.411478755
SC00537,4,1,1D,2,EQTN,0.44661191,0.498627486
SC00538,4,2,2A,2,EQTN,0.628113879,0.637615647
SC00539,5,1,1E,1,EQTN,0.308050256,0.52921094
SC00540,5,1,1I,2,EQTN,0.524990923,0.505444905
SC00541,3,4,4A,2,MATCH,0.372495446,0.363931321
SC00542,4,1,1F,2,EQTN,0.478479854,0.662309176
SC00543,4,4,4E,3,EQTN,0.063253012,0.219463994
SC00544,3,1,1D,2,EQTN,0.569421488,0.590680985
SC00545,4,1,1A,3,SRSI,0.253676471,0.143116129
SC00546,4,1,1D,2,EQTN,0.21302999,0.344853188
SC00547,5,3,3B,2,GRAPH,0.159114858,0.33848066
SC00548,5,3,3F,3,SRSI,0.373568131,0.417462079
SC00549,5,1,1E,1,SRSI,0.622795115,0.493081537
SC00550,3,4,4C,2,EQTN,0.121011439,0.468030375
SC00551,5,3,3B,2,SRSI,0.581789307,0.395214668
SC00552,3,1,1F,1,MATCH,0.365122616,0.283485354
SC00553,3,1,1F,2,EQTN,0.424783274,0.460596083
SC00554,5,1,1A,1,SRSI,0.443835616,0.08243697
SC00555,5,1,1F,3,EQTN,0.06362379,0.460597935
SC00556,3,1,1D,3,SRSI,0.644795603,0.534966161
SC00557,4,3,3B,3,SRSI,0.560296846,0.41086482
SC00558,5,1,1I,1,EQTN,0.318329466,0.445025346
SC00559,4,1,1F,1,EQTN,0.337384541,0.5752954
SC00560,4,1,1G,2,EQTN,0.626196474,0.468154975
SC00561,4,4,4A,3,SRSI,0.264210526,0.305784816
SC00562,3,1,1E,1,EQTN,0.342989571,0.597185421
SC00563,5,1,1E,3,EQTN,0.212979094,0.60932825
SC00564,4,3,3E,3,SRSI,0.535277325,0.491753288
SC00565,3,3,3B,2,GRAPH,0.055910543,0.315145812
SC00566,4,1,1F,2,EQTN,0.443223443,0.444286984
SC00567,3,4,4C,2,GRAPH,0.080231849,0.418755954
SC00568,4,3,3E,3,SRSI,0.345588235,0.315080204
SC00569,4,1,1E,1,EQTN,0.296755725,0.435254309
SC00570,4,1,1K,2,GRAPH,0.276629571,0.503695116
SC00571,5,1,1D,2,EQTN,0.266606822,0.454843886
SC00572,4,1,1D,1,EQTN,0.447175732,0.524565983
SC00573,4,1,1G,2,EQTN,0.345966958,0.418852298
SC00574,5,3,3C,2,EQTN,0.184536083,0.498760789
SC00575,4,1,1D,1,EQTN,0.451022605,0.530161182
SC00576,5,1,1C,2,EQTN,0.049908425,0.330794206
SC00577,3,1,1I,2,EQTN,0.055912197,0.350982969
SC00578,4,1,1D,2,EQTN,0.888004246,0.364300271
SC00579,3,1,1K,1,HOTS,0.438116101,0.201915529
SC00580,4,1,1F,2,MATCH,0.45318632,0.497393099
SC00581,4,4,4A,2,FILL,0.108549874,0.484197261
SC00582,3,1,1E,1,EQTN,0.280569514,0.548842151
SC00583,4,1,1G,1,EQTN,0.314141414,0.449901734
SC00584,4,1,1H,1,EQTN,0.487983281,0.411898157
SC00585,5,1,1I,2,EQTN,0.391731576,0.548818667
SC00586,4,1,1F,1,EQTN,0.299345577,0.589811569
SC00587,3,1,1J,1,EQTN,0.275599129,0.529404675
SC00588,4,1,1I,2,FILL,0.225888325,0.526363858
SC00589,3,1,1D,2,FILL,0.36372847,0.560906534
SC00590,4,4,4D,2,SRSI,0.239908606,0.230661328
SC00591,3,3,3D,2,EQTN,0.147284768,0.449383631
SC00592,5,1,1E,3,EQTN,0.153744493,0.418506927
SC00593,4,1,1E,2,EQTN,0.502090107,0.585632012
SC00594,3,2,2B,2,SRSI,0.419783874,0.48088543
SC00595,5,1,1F,2,EQTN,0.255514706,0.418859104
SC00596,5,3,3B,3,SRMU,0.122362869,0.397614677
SC00597,4,3,3E,2,MATCH,0.389675105,0.560505554
SC00598,5,1,1F,2,EQTN,0.05954323,0.318104642
SC00599,3,1,1D,2,EQTN,0.559061489,0.5804093
SC00600,4,1,1D,1,EQTN,0.550236718,0.60730955
SC00601,5,1,1H,2,EQTN,0.154600302,0.518939387
SC00602,3,4,4A,2,SRSI,0.427854454,0.330155654
SC00603,4,4,4B,3,FILL,0.078909613,0.378909098
SC00604,5,1,1C,1,EQTN,0.047465809,0.319194059
SC00605,5,3,3F,2,SRSI,0.318698347,0.388804726
SC00606,4,1,1E,2,SRSI,0.328605201,0.295388656
SC00607,3,2,2C,2,SRSI,0.215134184,0.219400514
SC00608,4,1,1D,1,EQTN,0.516198704,0.548152508
SC00609,5,1,1C,2,EQTN,0.037648613,0.319544744
SC00610,3,1,1F,2,HOTS,0.519734109,0.496749505
SC00611,5,1,1E,2,SRSI,0.21166593,0.48815777
SC00612,5,1,1E,1,EQTN,0.303727566,0.492080153
SC00613,4,1,1D,2,MATCH,0.460596379,0.449452698
SC00614,4,1,1K,2,EQTN,0.070635722,0.296816622
SC00615,4,1,1I,1,EQTN,0.597389558,0.626624286
SC00616,4,1,1G,2,EQTN,0.592439579,0.437262628
SC00617,3,3,3C,3,SRMU,0.229253112,0.507125501
SC00618,5,1,1D,2,SRSI,0.451490029,0.218143356
SC00619,4,4,4D,2,SRSI,0.364673087,0.23323146
SC00620,3,1,1E,1,EQTN,0.066101695,0.288252837
SC00621,5,3,3D,3,MATCH,0.498948978,0.574359603
SC00622,5,1,1D,2,SRSI,0.666020359,0.459170506
SC00623,4,1,1D,1,SRSI,0.352194606,0.398895111
SC00624,4,1,1A,3,SRSI,0.551269991,0.351281563
SC00625,3,1,1F,2,DRAG,0.297400612,0.388413261
SC00626,5,1,1I,2,EQTN,0.338454587,0.492989549
SC00627,4,1,1G,1,EQTN,0.383417508,0.571693754
SC00628,3,1,1A,1,EQTN,0.202453988,0.416174441
SC00629,5,1,1D,1,EQTN,0.52060844,0.564703604
SC00630,3,3,3D,2,MATCH,0.532949791,0.53072756
SC00631,5,2,2C,2,HOTS,0.08346095,0.16096301
SC00632,3,4,4C,2,EQTN,0.299814929,0.571645481
SC00633,4,1,1F,2,EQTN,0.745051838,0.479306054
SC00634,3,1,1I,2,SRSI,0.84038745,0.447534817
SC00635,5,1,1E,1,SRSI,0.457650273,0.620994459
SC00636,5,1,1D,1,EQTN,0.670469621,0.50616046
SC00637,3,1,1I,2,EQTN,0.638801262,0.333260441
SC00638,3,1,1A,1,EQTN,0.516770893,0.626573001
SC00639,5,3,3A,3,DRAG,0.153576788,0.438807289
SC00640,4,1,1F,2,EQTN,0.437710438,0.647564424
SC00641,4,1,1L,1,HOTS,0.351393189,0.164187225
SC00642,5,1,1J,1,GRAPH,0.329010567,0.5629776
SC00643,3,1,1E,1,EQTN,0.266888151,0.483852765
SC00644,5,3,3A,3,DRAG,0.060253165,0.349997735
SC00645,3,1,1E,1,EQTN,0.307952623,0.590531462
SC00646,4,3,3F,2,SRSI,0.379901961,0.326960786
SC00647,5,1,1F,2,EQTN,0.115508885,0.428951251
SC00648,5,4,4C,2,GRAPH,0.35862069,0.476093175
SC00649,4,1,1D,2,EQTN,0.814834578,0.401803646
SC00650,5,3,3C,2,SRSI,0.468651709,0.313805887
SC00651,5,1,1F,3,EQTN,0.033533964,0.302933251
SC00652,3,1,1C,1,EQTN,0.649237473,0.588565365
SC00653,3,1,1G,1,SRSI,0.798026999,0.352186415
SC00654,3,3,3F,3,DRAG,0.398185484,0.630051478
SC00655,4,1,1H,2,EQTN,0.82823041,0.370549614
SC00656,3,1,1B,1,EQTN,0.449001619,0.134422921
SC00657,5,1,1K,2,MATCH,0.254059217,0.237178915
SC00658,4,1,1G,2,EQTN,0.342130987,0.462631858
SC00659,3,1,1A,3,EQTN,0.121983914,0.355810767
SC00660,5,1,1E,1,SRSI,0.542705971,0.58758019
SC00661,5,1,1E,2,SRSI,0.515850144,0.512168149
SC00662,5,1,1C,2,MATCH,0.374595843,0.631092708
SC00663,5,3,3F,3,DRAG,0.355971897,0.615410976
SC00664,4,1,1F,1,MATCH,0.400538748,0.647165339
SC00665,3,1,1A,1,EQTN,0.474099099,0.432527313
SC00666,3,1,1F,1,MATCH,0.402018056,0.322251645
SC00667,5,1,1C,2,SRSI,0.404234841,0.441097096
SC00668,3,3,3D,3,MATCH,0.21057739,0.51375964
SC00669,5,1,1E,3,EQTN,0.144702842,0.546988814
SC00670,3,2,2A,3,EQTN,0.192026037,0.461604642
SC00671,3,1,1C,1,MATCH,0.550965665,0.543880571
SC00672,4,1,1G,1,EQTN,0.779523568,0.469074479
SC00673,3,1,1D,2,EQTN,0.377800938,0.52765729
SC00674,4,1,1D,2,MATCH,0.12118019,0.195387331
SC00675,4,1,1I,2,EQTN,0.185981308,0.520505359
SC00676,5,1,1J,1,DRAG,0.336270191,0.572918718
SC00677,5,1,1I,2,EQTN,0.509894156,0.517464196
SC00678,3,1,1I,2,EQTN,0.686759402,0.342460153
SC00679,5,1,1D,2,SRSI,0.583648393,0.403564829
SC00680,5,1,1F,3,EQTN,0.245374449,0.542907632
SC00681,4,1,1A,1,EQTN,0.513607917,0.612353813
SC00682,3,1,1G,1,SRSI,0.615664404,0.377731484
SC00683,5,3,3C,2,SRSI,0.411657559,0.333280156
SC00684,4,1,1A,2,SRSI,0.656948494,0.460673641
SC00685,3,2,2B,2,MATCH,0.170464135,0.40496522
SC00686,5,1,1D,2,SRSI,0.337912088,0.333966298
SC00687,4,1,1G,1,EQTN,0.485044865,0.486561879
SC00688,3,2,2A,2,EQTN,0.080440587,0.417469642
SC00689,4,1,1L,1,MATCH,0.519438445,0.333327431
SC00690,3,1,1F,2,GRAPH,0.501649485,0.541484529
SC00691,5,1,1B,2,SRSI,0.461973279,0.229086073
SC00692,3,1,1I,2,EQTN,0.02659464,0.291290442
SC00693,3,1,1B,1,EQTN,0.43136191,0.103214916
SC00694,5,1,1I,2,EQTN,0.20208901,0.495772974
SC00695,3,1,1B,1,SRSI,0.601196953,0.185177967
SC00696,5,3,3F,3,MATCH,0.369693978,0.545260396
SC00697,4,4,4F,2,EQTN,0.116060961,0.344993334
SC00698,4,3,3E,3,DRAG,0.07839617,0.34652789
SC00699,3,3,3E,2,HOTS,0.401247401,0.323992013
SC00700,5,2,2A,2,DRAG,0.031589339,0.295145349
SC00701,5,1,1K,2,HOTS,0.031067596,0.226050441
SC00702,5,1,1J,1,HOTS,0.531008659,0.506447666
SC00703,5,2,2A,2,EQTN,0.471984805,0.594418626
SC00704,3,1,1H,2,HOTS,0.295630358,0.453088835
SC00705,3,1,1A,1,EQTN,0.66801854,0.590086464
SC00706,4,1,1F,1,MATCH,0.493301435,0.577318176
SC00707,5,1,1B,2,SRSI,0.438219895,0.219424611
SC00708,3,1,1E,1,EQTN,0.066869301,0.342445918
SC00709,3,4,4C,2,HOTS,0.178453947,0.414919993
SC00710,4,1,1H,1,EQTN,0.403852769,0.470010828
SC00711,3,3,3E,3,SRSI,0.49009434,0.384328642
SC00712,5,1,1E,2,SRSI,0.141447368,0.195434793
SC00713,4,1,1K,2,EQTN,0.046921617,0.339431616
SC00714,4,1,1H,2,EQTN,0.423432682,0.446719058
SC00715,3,1,1B,1,SRSI,0.511035208,0.427267168
SC00716,3,4,4A,2,EQTN,0.131233596,0.418566653
SC00717,5,1,1I,1,EQTN,0.339908257,0.450039685
SC00718,5,1,1F,2,EQTN,0.159292035,0.43007414
SC00719,4,2,2B,2,HOTS,0.462910798,0.552053057
SC00720,3,1,1A,3,EQTN,0.205428954,0.448659347
SC00721,3,1,1J,2,HOTS,0.102496715,0.43148439
SC00722,4,1,1I,2,MATCH,0.406787998,0.570953865
SC00723,3,1,1I,2,EQTN,0.028863869,0.262936971
SC00724,4,1,1D,2,MATCH,0.442984761,0.508191089
SC00725,3,1,1C,1,EQTN,0.833243097,0.535125115
SC00726,5,1,1F,2,EQTN,0.204574881,0.567981528
SC00727,5,2,2A,2,EQTN,0.037735849,0.326198221
SC00728,5,1,1I,2,MATCH,0.328718178,0.472636402
SC00729,3,1,1C,1,MATCH,0.264876251,0.43165643
SC00730,5,1,1I,2,MATCH,0.281639929,0.465568667
SC00731,3,1,1D,2,EQTN,0.720991561,0.591307045
SC00732,4,1,1F,2,DRAG,0.594669118,0.370307036
SC00733,3,1,1E,1,EQTN,0.058390023,0.292553959
SC00734,4,1,1K,2,GRAPH,0.207734259,0.334500442
SC00735,5,4,4E,3,SRSI,0.456183658,0.444366811
SC00736,4,1,1F,1,MATCH,0.421836228,0.522961663
SC00737,4,1,1L,1,HOTS,0.899795501,0.331487776
SC00738,3,3,3D,3,MATCH,0.378176383,0.324058445
SC00739,5,3,3A,3,DRAG,0.081107074,0.4506249
SC00740,4,1,1F,2,MATCH,0.377803335,0.540380289
SC00741,3,1,1A,1,EQTN,0.61057419,0.585510202
SC00742,4,3,3B,3,SRMU,0.094814039,0.383633143
SC00743,5,4,4A,2,EQTN,0.03699236,0.21551271
SC00744,3,1,1G,2,EQTN,0.281568228,0.46875736
SC00745,3,4,4A,2,MATCH,0.098346636,0.233932506
SC00746,5,1,1F,2,EQTN,0.213713268,0.565230499
SC00747,4,3,3B,2,EQTN,0.727574751,0.570681099
SC00748,4,3,3F,3,DRAG,0.083556747,0.406777987
SC00749,5,1,1C,2,EQTN,0.107692308,0.403782415
SC00750,5,1,1D,2,SRSI,0.144387518,0.256603363
SC00751,3,2,2A,2,HOTS,0.131443299,0.279441554
SC00752,3,1,1E,1,EQTN,0.36013986,0.618727342
SC00753,5,1,1D,1,EQTN,0.242302544,0.481061738
SC00754,4,3,3F,2,DRAG,0.314778325,0.377205495
SC00755,5,1,1D,1,EQTN,0.256562655,0.439323314
SC00756,5,1,1J,1,SRSI,0.566011236,0.40067049
SC00757,4,1,1G,1,EQTN,0.392028254,0.512253025
SC00758,5,1,1J,1,GRAPH,0.646685473,0.393417779
SC00759,4,2,2C,2,EQTN,0.235161533,0.514242379
SC00760,5,1,1F,2,EQTN,0.081165919,0.361499666
SC00761,5,4,4F,2,HOTS,0.193336256,0.187362097
SC00762,3,1,1D,2,EQTN,0.825446898,0.549585851
SC00763,5,1,1F,2,EQTN,0.041530945,0.314256796
SC00764,3,1,1F,1,EQTN,0.30379071,0.15744452
SC00765,3,1,1C,1,MATCH,0.287735849,0.504093877
SC00766,4,1,1K,2,DRAG,0.509648689,0.3458024
SC00767,4,4,4D,2,MATCH,0.21291866,0.202145507
SC00768,3,1,1A,1,EQTN,0.633864761,0.569362748
SC00769,5,1,1B,2,SRSI,0.360714286,0.311997027
SC00770,3,1,1A,1,DRAG,0.656999442,0.540489975
SC00771,5,1,1C,1,EQTN,0.71588694,0.35061373
SC00772,5,4,4A,2,DRAG,0.169825626,0.47912164
SC00773,4,1,1B,1,SRSI,0.867216657,0.444772315
SC00774,4,3,3F,3,DRAG,0.035406264,0.275136715
SC00775,3,1,1H,2,HOTS,0.588389121,0.579403961
SC00776,4,1,1F,1,MATCH,0.453110492,0.568004898
SC00777,5,1,1A,1,EQTN,0.666666667,0.519380175
SC00778,4,2,2D,2,SRMU,0.073182247,0.287228323
SC00779,3,1,1E,1,EQTN,0.237325905,0.499485953
SC00780,5,1,1F,3,EQTN,0.108979948,0.481787557
SC00781,3,3,3F,3,HOTS,0.147358216,0.39074508
SC00782,5,4,4B,2,HOTS,0.153469388,0.302969926
SC00783,4,3,3A,3,SRMU,0.121171171,0.323869464
SC00784,4,1,1G,2,MATCH,0.418790605,0.5873532
SC00785,4,2,2A,2,EQTN,0.395131086,0.611769728
SC00786,3,3,3E,2,SRMU,0.229313142,0.486955997
SC00787,3,1,1F,1,EQTN,0.397715473,0.393585278
SC00788,3,4,4A,3,SRSI,0.390294917,0.355044949
SC00789,5,1,1C,1,SRSI,0.62,0.415254937
SC00790,5,3,3A,2,SRMU,0.244582043,0.444544929
SC00791,5,1,1E,3,EQTN,0.238351255,0.626446786
SC00792,4,1,1A,1,EQTN,0.460835509,0.594011939
SC00793,4,1,1F,1,MATCH,0.293604651,0.612929733
SC00794,3,3,3A,2,SRMU,0.08559499,0.366317702
SC00795,3,3,3A,2,EQTN,0.19984879,0.592935032
SC00796,5,1,1I,2,EQTN,0.312634756,0.541582349
SC00797,3,1,1A,1,EQTN,0.730726257,0.633964217
SC00798,3,3,3F,3,DRAG,0.309195639,0.53367791
SC00799,4,3,3D,3,DRAG,0.417599831,0.59158665
SC00800,4,4,4F,2,HOTS,0.205897306,0.441574507
SC00801,3,3,3D,3,SRMU,0.190110418,0.533780447
SC00802,4,1,1L,2,MATCH,0.05919374,0.333644523
SC00803,3,1,1D,3,SRSI,0.269748189,0.308842269
SC00804,5,1,1B,2,SRSI,0.566255311,0.370675967
SC00805,4,1,1L,2,GRAPH,0.113640253,0.338086374
SC00806,5,3,3A,2,EQTN,0.458375125,0.591699238
SC00807,3,1,1J,2,GRAPH,0.108236309,0.405513221
SC00808,3,1,1K,2,GRAPH,0.622882339,0.440233217
SC00809,5,3,3F,3,DRAG,0.08790354,0.491627166
SC00810,5,4,4A,3,EQTN,0.151227716,0.532832506
SC00811,3,1,1F,2,EQTN,0.618881119,0.307349775
SC00812,5,2,2A,3,EQTN,0.035060976,0.326384376
SC00813,3,1,1E,1,EQTN,0.350382128,0.569544647
SC00814,4,3,3B,3,SRSI,0.379525593,0.350765068
SC00815,5,1,1G,1,EQTN,0.519250253,0.672550597
SC00816,5,1,1A,2,SRSI,0.593237705,0.357135035
SC00817,4,1,1E,1,EQTN,0.502472188,0.513746895
SC00818,5,4,4F,2,GRAPH,0.543255814,0.574549812
SC00819,4,1,1F,2,EQTN,0.618677043,0.59083452
SC00820,3,1,1F,2,EQTN,0.392105263,0.437605128
SC00821,4,3,3E,3,DRAG,0.058046248,0.342504214
SC00822,3,1,1A,3,EQTN,0.097610922,0.395398876
SC00823,3,3,3E,2,SRSI,0.712230216,0.50149725
SC00824,4,1,1E,2,EQTN,0.161230196,0.484298735
SC00825,3,1,1E,1,EQTN,0.325871352,0.569631662
SC00826,4,1,1K,1,DRAG,0.35863747,0.394314068
SC00827,3,1,1A,1,EQTN,0.444444444,0.586076428
SC00828,5,3,3C,2,SRMU,0.264978903,0.387045733
SC00829,4,1,1G,2,DRAG,0.615111562,0.59373608
SC00830,4,1,1F,2,EQTN,0.485886164,0.081117532
SC00831,4,4,4E,3,DRAG,0.38852459,0.459054826
SC00832,3,1,1D,2,EQTN,0.284175642,0.486776041
SC00833,4,1,1E,2,EQTN,0.142182334,0.469765054
SC00834,3,1,1F,1,EQTN,0.45464025,0.438332794
SC00835,5,1,1I,2,EQTN,0.214765101,0.472848127
SC00836,5,3,3A,2,DRAG,0.456478405,0.415087789
SC00837,5,3,3C,3,EQTN,0.124523991,0.445572065
SC00838,4,2,2A,2,SRSI,0.226366002,0.234892009
SC00839,3,1,1F,1,EQTN,0.323869611,0.284437577
SC00840,3,1,1A,1,EQTN,0.218482601,0.406881342
SC00841,4,1,1I,1,GRAPH,0.048643592,0.252229831
SC00842,3,1,1E,1,EQTN,0.274928775,0.535560936
SC00843,3,1,1B,1,SRSI,0.261727079,0.331012662
SC00844,4,1,1B,1,SRSI,0.358316222,0.337945977
SC00845,4,1,1A,2,EQTN,0.167230546,0.518161709
SC00846,3,1,1G,2,GRAPH,0.482773109,0.561620311
SC00847,3,1,1H,2,HOTS,0.620803522,0.603248249
SC00848,5,1,1I,1,EQTN,0.430217102,0.543452038
SC00849,4,1,1D,1,EQTN,0.288181328,0.545123373
SC00850,4,1,1F,1,MATCH,0.290796964,0.440721544
SC00851,3,1,1D,2,EQTN,0.801741803,0.51285963
SC00852,3,4,4E,3,SRMU,0.131797825,0.367252568
SC00853,4,1,1A,1,EQTN,0.648917496,0.613947389
SC00854,5,4,4E,3,SRSI,0.153450808,0.226267457
SC00855,3,3,3E,2,DRAG,0.206932773,0.520431726
SC00856,3,1,1D,2,FILL,0.646753247,0.451054035
SC00857,3,1,1F,1,MATCH,0.321869962,0.477150721
SC00858,5,1,1A,1,EQTN,0.132766861,0.393876094
SC00859,4,1,1D,2,EQTN,0.844471154,0.405175996
SC00860,5,1,1I,2,EQTN,0.530701223,0.475498692
SC00861,4,3,3D,3,SRMU,0.339857651,0.515161318
SC00862,4,1,1A,3,SRSI,0.499524263,0.257340433
SC00863,4,3,3E,3,DRAG,0.26596223,0.621028189
SC00864,5,1,1C,2,MATCH,0.048311445,0.330520086
SC00865,5,3,3E,3,DRAG,0.355501931,0.60212076
SC00866,3,1,1D,2,EQTN,0.600411946,0.581718218
SC00867,3,1,1D,2,EQTN,0.588622222,0.562019578
SC00868,3,1,1F,1,EQTN,0.433038041,0.320873351
SC00869,5,1,1F,2,EQTN,0.218827827,0.575631119
SC00870,5,1,1E,1,EQTN,0.242410089,0.457268852
SC00871,4,1,1A,2,SRSI,0.686897881,0.508605171
SC00872,5,1,1F,2,EQTN,0.201141853,0.544348135
SC00873,3,1,1G,1,SRSI,0.755613577,0.313834881
SC00874,3,1,1F,1,EQTN,0.386118252,0.273919431
SC00875,4,1,1A,3,SRSI,0.403131116,0.245392756
SC00876,5,1,1I,2,EQTN,0.385614626,0.537042777
SC00877,5,2,2B,2,FILL,0.219354839,0.600220506
SC00878,4,1,1D,2,MATCH,0.537750385,0.535807583
SC00879,5,1,1E,2,SRSI,0.336346599,0.33652535
SC00880,3,3,3D,3,DRAG,0.210408207,0.41194518
SC00881,5,3,3C,2,EQTN,0.119332986,0.424295552
SC00882,3,1,1H,2,HOTS,0.464187328,0.41606083
SC00883,5,1,1I,1,EQTN,0.172997712,0.457835419
SC00884,3,1,1B,1,SRSI,0.537085744,0.397994949
SC00885,5,3,3A,3,DRAG,0.217831814,0.432537182
SC00886,3,3,3F,2,MATCH,0.143229167,0.28314007
SC00887,3,3,3F,2,SRSI,0.515337423,0.541382555
SC00888,4,3,3B,3,EQTN,0.513676665,0.463230366
SC00889,4,3,3C,3,SRSI,0.504378284,0.432153678
SC00890,4,1,1E,2,EQTN,0.193911007,0.49143434
SC00891,3,1,1D,2,EQTN,0.769431403,0.54937989
SC00892,3,4,4D,3,SRSI,0.453560043,0.257677966
SC00893,5,1,1F,2,EQTN,0.215246637,0.593199808
SC00894,3,4,4A,3,DRAG,0.143209877,0.475855242
SC00895,4,2,2A,3,HOTS,0.325958702,0.47926222
SC00896,4,1,1G,2,EQTN,0.37784522,0.553069591
SC00897,3,3,3F,3,SRMU,0.09675835,0.391630135
SC00898,5,4,4F,2,EQTN,0.038488952,0.38642026
SC00899,3,1,1C,1,MATCH,0.476088125,0.607726746
SC00900,3,1,1J,1,EQTN,0.328888889,0.556315395
SC00901,5,1,1F,2,EQTN,0.04248366,0.304620122
SC00902,4,2,2A,2,MATCH,0.261985655,0.434035007
SC00903,4,1,1D,2,EQTN,0.641116751,0.492974324
SC00904,5,1,1F,2,EQTN,0.062244062,0.385153708
SC00905,4,1,1F,1,EQTN,0.420679278,0.652630863
SC00906,5,1,1E,1,SRSI,0.337304075,0.367691639
SC00907,5,1,1F,2,EQTN,0.221112077,0.582710122
SC00908,3,1,1H,2,EQTN,0.122807018,0.340645473
SC00909,5,4,4F,2,DRAG,0.140552995,0.50929106
SC00910,3,1,1B,1,MATCH,0.213486141,0.215178893
SC00911,3,1,1H,2,HOTS,0.216767788,0.476464685
SC00912,5,1,1G,2,EQTN,0.143483023,0.441763956
SC00913,5,1,1I,1,EQTN,0.355764706,0.461797335
SC00914,3,3,3E,3,EQTN,0.137608966,0.459880779
SC00915,5,1,1D,1,SRSI,0.639044944,0.425369826
SC00916,3,1,1C,1,MATCH,0.243010753,0.383547001
SC00917,4,1,1G,1,EQTN,0.336584309,0.418080944
SC00918,3,3,3E,2,SRSI,0.579160706,0.508348987
SC00919,4,2,2B,2,SRSI,0.223212838,0.147571171
SC00920,4,4,4F,2,GRAPH,0.16330024,0.405651808
SC00921,3,1,1F,1,SRSI,0.668732249,0.397118963
SC00922,5,2,2D,2,GRAPH,0.158984008,0.41547482
SC00923,5,1,1J,1,GRAPH,0.592773438,0.380191113
SC00924,3,1,1D,2,EQTN,0.288522013,0.567045699
SC00925,5,1,1E,3,EQTN,0.173299398,0.570528275
SC00926,5,1,1J,1,SRSI,0.548897411,0.482785695
SC00927,5,1,1C,1,EQTN,0.306558935,0.539136754
SC00928,4,1,1A,3,SRSI,0.568609023,0.44023552
SC00929,5,3,3B,3,SRSI,0.412441192,0.524925818
SC00930,3,3,3D,3,SRMU,0.134095634,0.380557816
SC00931,4,1,1E,1,SRSI,0.694348894,0.503057373
SC00932,3,3,3E,3,SRSI,0.272460938,0.184382278
SC00933,3,1,1D,2,EQTN,0.496887967,0.520896775
SC00934,3,1,1F,1,EQTN,0.519339866,0.277348938
SC00935,4,1,1A,2,SRSI,0.693293886,0.541476067
SC00936,4,3,3E,3,DRAG,0.099045888,0.457560394
SC00937,4,1,1F,2,EQTN,0.671532847,0.631450481
SC00938,5,3,3D,3,DRAG,0.439664218,0.587995853
SC00939,4,1,1D,2,MATCH,0.228371843,0.235693047
SC00940,3,1,1J,1,EQTN,0.323574929,0.549930586
SC00941,3,1,1E,1,EQTN,0.638434579,0.457421015
SC00942,4,1,1G,1,EQTN,0.526493256,0.53218736
SC00943,4,1,1F,1,MATCH,0.345731998,0.438211512
SC00944,3,1,1C,1,MATCH,0.190413484,0.353163206
SC00945,3,1,1J,1,EQTN,0.78983438,0.377219616
SC00946,5,1,1G,2,EQTN,0.252782931,0.573109187
SC00947,4,1,1G,1,EQTN,0.251506024,0.381922288
SC00948,3,1,1F,1,MATCH,0.460912052,0.358790305
SC00949,3,1,1F,2,MATCH,0.452772074,0.345573409
SC00950,5,1,1I,2,EQTN,0.384129847,0.484914168
SC00951,4,2,2C,2,SRSI,0.286614937,0.381181434
SC00952,4,3,3E,2,HOTS,0.372756558,0.513352855
SC00953,3,1,1A,1,EQTN,0.598453302,0.58092139
SC00954,3,1,1F,1,EQTN,0.354564756,0.404206267
SC00955,3,1,1E,1,EQTN,0.240226629,0.420992397
SC00956,3,2,2C,2,EQTN,0.175986129,0.479361556
SC00957,4,3,3D,3,SRSI,0.216657288,0.29786434
SC00958,5,1,1B,2,SRSI,0.328441296,0.118955376
SC00959,3,2,2A,2,MATCH,0.142797841,0.335651129
SC00960,3,1,1A,1,EQTN,0.647688839,0.476658991
SC00961,4,1,1K,2,GRAPH,0.137670197,0.405552773
SC00962,3,3,3A,2,MATCH,0.2825535,0.325801975
SC00963,4,1,1F,1,EQTN,0.486320755,0.633684016
SC00964,4,1,1F,2,HOTS,0.364588407,0.566370301
SC00965,5,1,1J,1,HOTS,0.457411765,0.474138398
SC00966,3,1,1C,1,EQTN,0.743972746,0.550531382
SC00967,3,1,1G,2,DRAG,0.279668412,0.573919055
SC00968,5,3,3A,3,DRAG,0.058941059,0.393321669
SC00969,3,1,1E,1,EQTN,0.232733604,0.513466691
SC00970,4,1,1K,2,EQTN,0.563617782,0.398539795
SC00971,5,1,1I,2,MATCH,0.297462817,0.410645827
SC00972,4,3,3F,2,SRSI,0.542335116,0.525751885
SC00973,4,1,1D,2,MATCH,0.569680851,0.345524996
SC00974,4,1,1E,2,EQTN,0.169947192,0.492441875
SC00975,4,2,2A,2,EQTN,0.372767857,0.397042798
SC00976,5,3,3D,3,DRAG,0.043460092,0.31914183
SC00977,5,1,1E,2,EQTN,0.183117463,0.399466391
SC00978,3,1,1G,2,EQTN,0.194250047,0.448456981
SC00979,4,1,1G,2,MATCH,0.436040609,0.499665555
SC00980,4,3,3B,3,SRMU,0.075418994,0.254738624
SC00981,4,1,1F,2,HOTS,0.359042553,0.471233451
SC00982,5,1,1I,1,EQTN,0.401369863,0.475560662
SC00983,5,3,3E,3,HOTS,0.1,0.3879166
SC00984,5,3,3E,2,DRAG,0.373062533,0.609659923
SC00985,3,1,1H,2,HOTS,0.296815974,0.424198047
SC00986,4,1,1E,2,EQTN,0.084041549,0.367476029
SC00987,5,3,3D,3,MATCH,0.04569055,0.351762146
SC00988,4,1,1L,1,HOTS,0.736029803,0.277445145
SC00989,4,1,1D,2,MATCH,0.123284314,0.277663907
SC00990,5,1,1F,1,SRSI,0.360810811,0.256227581
SC00991,5,1,1C,2,EQTN,0.053486151,0.344318236
SC00992,5,3,3A,2,DRAG,0.414402174,0.556354906
SC00993,5,1,1G,2,EQTN,0.08554729,0.423974999
SC00994,3,1,1B,1,SRSI,0.861771058,0.391984512
SC00995,3,1,1A,1,EQTN,0.672615565,0.502502585
SC00996,4,4,4F,2,HOTS,0.132824428,0.499488452
SC00997,5,1,1F,1,EQTN,0.235842659,0.406994723
SC00998,5,4,4E,3,SRMU,0.027620397,0.165519511
SC00999,4,3,3C,3,HOTS,0.252699784,0.383837977
SC01000,4,1,1D,2,EQTN,0.291021672,0.47438032